payment_id,subscription_id,payment_at,payment_status,amount
1,1,2025-01-01T20:56:31+00:00,successful,20
2,1,2025-02-01T02:00:00+00:00,successful,20
3,1,2025-03-01T02:00:00+00:00,successful,20
4,1,2025-04-01T02:00:00+00:00,successful,20
5,1,2025-05-01T02:00:00+00:00,successful,20
6,1,2025-06-01T02:00:00+00:00,successful,20
7,2,2025-01-02T04:24:03+00:00,successful,50
8,2,2025-02-02T02:00:00+00:00,successful,50
9,2,2025-03-02T02:00:00+00:00,successful,50
10,2,2025-04-02T02:00:00+00:00,successful,50
11,2,2025-05-02T02:00:00+00:00,successful,50
12,2,2025-06-02T02:00:00+00:00,successful,50
13,2,2025-07-02T02:00:00+00:00,successful,50
14,2,2025-08-02T02:00:00+00:00,successful,50
15,2,2025-09-02T02:00:00+00:00,successful,50
16,2,2025-10-02T02:00:00+00:00,successful,50
17,2,2025-11-02T02:00:00+00:00,successful,50
18,2,2025-12-02T02:00:00+00:00,successful,50
19,3,2025-01-02T11:22:56+00:00,successful,20
20,3,2025-02-02T02:00:00+00:00,successful,20
21,3,2025-03-02T02:00:00+00:00,successful,20
22,3,2025-04-02T02:00:00+00:00,successful,20
23,4,2025-01-03T02:40:18+00:00,successful,540
24,5,2025-01-06T06:47:32+00:00,successful,50
25,5,2025-02-06T02:00:00+00:00,successful,50
26,5,2025-03-06T02:00:00+00:00,successful,50
27,5,2025-04-06T02:00:00+00:00,successful,50
28,5,2025-05-06T02:00:00+00:00,successful,50
29,5,2025-06-06T02:00:00+00:00,successful,50
30,5,2025-07-06T02:00:00+00:00,successful,50
31,5,2025-08-06T02:00:00+00:00,successful,50
32,6,2025-01-06T09:59:11+00:00,successful,20
33,6,2025-02-06T02:00:00+00:00,successful,20
34,6,2025-03-06T02:00:00+00:00,successful,20
35,6,2025-04-06T02:00:00+00:00,successful,20
36,7,2025-01-07T06:40:18+00:00,successful,50
37,7,2025-02-07T02:00:00+00:00,successful,50
38,7,2025-03-07T02:00:00+00:00,successful,50
39,7,2025-04-07T02:00:00+00:00,successful,50
40,7,2025-05-07T02:00:00+00:00,successful,50
41,7,2025-06-07T02:00:00+00:00,successful,50
42,7,2025-07-07T02:00:00+00:00,successful,50
43,7,2025-08-07T02:00:00+00:00,successful,50
44,7,2025-09-07T02:00:00+00:00,successful,50
45,7,2025-10-07T02:00:00+00:00,successful,50
46,7,2025-11-07T02:00:00+00:00,successful,50
47,7,2025-12-07T02:00:00+00:00,successful,50
48,8,2025-01-07T11:53:21+00:00,successful,50
49,8,2025-02-07T02:00:00+00:00,successful,50
50,8,2025-03-07T02:00:00+00:00,successful,50
51,8,2025-04-07T02:00:00+00:00,successful,50
52,8,2025-05-07T02:00:00+00:00,successful,50
53,8,2025-06-07T02:00:00+00:00,successful,50
54,9,2025-01-07T15:13:58+00:00,failed,20
55,9,2025-02-07T02:00:00+00:00,successful,20
56,9,2025-03-07T02:00:00+00:00,successful,20
57,9,2025-04-07T02:00:00+00:00,successful,20
58,9,2025-05-07T02:00:00+00:00,successful,20
59,9,2025-06-07T02:00:00+00:00,successful,20
60,9,2025-07-07T02:00:00+00:00,successful,20
61,9,2025-08-07T02:00:00+00:00,successful,20
62,9,2025-09-07T02:00:00+00:00,successful,20
63,9,2025-10-07T02:00:00+00:00,successful,20
64,9,2025-11-07T02:00:00+00:00,successful,20
65,9,2025-12-07T02:00:00+00:00,successful,20
66,10,2025-01-07T16:47:12+00:00,successful,20
67,10,2025-02-07T02:00:00+00:00,successful,20
68,11,2025-01-07T21:09:53+00:00,successful,20
69,11,2025-02-07T02:00:00+00:00,successful,20
70,11,2025-03-07T02:00:00+00:00,successful,20
71,11,2025-04-07T02:00:00+00:00,successful,20
72,11,2025-05-07T02:00:00+00:00,successful,20
73,11,2025-06-07T02:00:00+00:00,successful,20
74,11,2025-07-07T02:00:00+00:00,failed,20
75,11,2025-08-07T02:00:00+00:00,successful,20
76,11,2025-09-07T02:00:00+00:00,successful,20
77,12,2025-01-09T20:31:32+00:00,successful,540
78,13,2025-01-12T13:17:28+00:00,successful,50
79,13,2025-02-12T02:00:00+00:00,successful,50
80,13,2025-03-12T02:00:00+00:00,successful,50
81,13,2025-04-12T02:00:00+00:00,successful,50
82,13,2025-05-12T02:00:00+00:00,successful,50
83,13,2025-06-12T02:00:00+00:00,successful,50
84,13,2025-07-12T02:00:00+00:00,successful,50
85,13,2025-08-12T02:00:00+00:00,successful,50
86,13,2025-09-12T02:00:00+00:00,successful,50
87,13,2025-10-12T02:00:00+00:00,failed,50
88,13,2025-11-12T02:00:00+00:00,successful,50
89,13,2025-12-12T02:00:00+00:00,successful,50
90,14,2025-01-13T13:39:41+00:00,successful,20
91,14,2025-02-13T02:00:00+00:00,successful,20
92,14,2025-03-13T02:00:00+00:00,failed,20
93,14,2025-04-13T02:00:00+00:00,successful,20
94,14,2025-05-13T02:00:00+00:00,successful,20
95,14,2025-06-13T02:00:00+00:00,successful,20
96,14,2025-07-13T02:00:00+00:00,successful,20
97,14,2025-08-13T02:00:00+00:00,successful,20
98,14,2025-09-13T02:00:00+00:00,successful,20
99,14,2025-10-13T02:00:00+00:00,successful,20
100,14,2025-11-13T02:00:00+00:00,successful,20
101,14,2025-12-13T02:00:00+00:00,successful,20
102,15,2025-01-13T16:30:08+00:00,successful,50
103,15,2025-02-13T02:00:00+00:00,successful,50
104,15,2025-03-13T02:00:00+00:00,successful,50
105,15,2025-04-13T02:00:00+00:00,successful,50
106,15,2025-05-13T02:00:00+00:00,successful,50
107,15,2025-06-13T02:00:00+00:00,successful,50
108,15,2025-07-13T02:00:00+00:00,successful,50
109,15,2025-08-13T02:00:00+00:00,successful,50
110,16,2025-01-15T16:02:18+00:00,successful,50
111,16,2025-02-15T02:00:00+00:00,successful,50
112,16,2025-03-15T02:00:00+00:00,successful,50
113,16,2025-04-15T02:00:00+00:00,successful,50
114,16,2025-05-15T02:00:00+00:00,successful,50
115,16,2025-06-15T02:00:00+00:00,successful,50
116,16,2025-07-15T02:00:00+00:00,successful,50
117,16,2025-08-15T02:00:00+00:00,successful,50
118,16,2025-09-15T02:00:00+00:00,successful,50
119,16,2025-10-15T02:00:00+00:00,failed,50
120,16,2025-11-15T02:00:00+00:00,successful,50
121,17,2025-01-15T21:23:05+00:00,successful,20
122,17,2025-02-15T02:00:00+00:00,successful,20
123,17,2025-03-15T02:00:00+00:00,successful,20
124,17,2025-04-15T02:00:00+00:00,successful,20
125,17,2025-05-15T02:00:00+00:00,successful,20
126,17,2025-06-15T02:00:00+00:00,successful,20
127,17,2025-07-15T02:00:00+00:00,successful,20
128,17,2025-08-15T02:00:00+00:00,successful,20
129,17,2025-09-15T02:00:00+00:00,successful,20
130,17,2025-10-15T02:00:00+00:00,successful,20
131,17,2025-11-15T02:00:00+00:00,successful,20
132,17,2025-12-15T02:00:00+00:00,successful,20
133,18,2025-01-16T06:48:58+00:00,successful,20
134,19,2025-01-16T13:43:19+00:00,failed,50
135,19,2025-02-16T02:00:00+00:00,successful,50
136,19,2025-03-16T02:00:00+00:00,successful,50
137,19,2025-04-16T02:00:00+00:00,successful,50
138,19,2025-05-16T02:00:00+00:00,successful,50
139,19,2025-06-16T02:00:00+00:00,successful,50
140,19,2025-07-16T02:00:00+00:00,successful,50
141,19,2025-08-16T02:00:00+00:00,failed,50
142,19,2025-09-16T02:00:00+00:00,successful,50
143,19,2025-10-16T02:00:00+00:00,successful,50
144,19,2025-11-16T02:00:00+00:00,successful,50
145,19,2025-12-16T02:00:00+00:00,failed,50
146,20,2025-01-16T18:14:51+00:00,successful,20
147,20,2025-02-16T02:00:00+00:00,successful,20
148,20,2025-03-16T02:00:00+00:00,successful,20
149,20,2025-04-16T02:00:00+00:00,successful,20
150,20,2025-05-16T02:00:00+00:00,successful,20
151,20,2025-06-16T02:00:00+00:00,successful,20
152,20,2025-07-16T02:00:00+00:00,successful,20
153,20,2025-08-16T02:00:00+00:00,successful,20
154,20,2025-09-16T02:00:00+00:00,successful,20
155,20,2025-10-16T02:00:00+00:00,successful,20
156,20,2025-11-16T02:00:00+00:00,successful,20
157,20,2025-12-16T02:00:00+00:00,successful,20
158,21,2025-01-17T03:25:23+00:00,successful,20
159,21,2025-02-17T02:00:00+00:00,successful,20
160,21,2025-03-17T02:00:00+00:00,successful,20
161,21,2025-04-17T02:00:00+00:00,failed,20
162,21,2025-05-17T02:00:00+00:00,successful,20
163,21,2025-06-17T02:00:00+00:00,successful,20
164,21,2025-07-17T02:00:00+00:00,successful,20
165,21,2025-08-17T02:00:00+00:00,successful,20
166,21,2025-09-17T02:00:00+00:00,successful,20
167,21,2025-10-17T02:00:00+00:00,failed,20
168,21,2025-11-17T02:00:00+00:00,failed,20
169,21,2025-12-17T02:00:00+00:00,failed,20
170,22,2025-01-17T09:56:34+00:00,successful,20
171,22,2025-02-17T02:00:00+00:00,successful,20
172,22,2025-03-17T02:00:00+00:00,successful,20
173,22,2025-04-17T02:00:00+00:00,successful,20
174,22,2025-05-17T02:00:00+00:00,successful,20
175,23,2025-01-17T18:44:40+00:00,successful,20
176,23,2025-02-17T02:00:00+00:00,successful,20
177,24,2025-01-19T10:29:54+00:00,successful,20
178,24,2025-02-19T02:00:00+00:00,successful,20
179,24,2025-03-19T02:00:00+00:00,successful,20
180,24,2025-04-19T02:00:00+00:00,successful,20
181,24,2025-05-19T02:00:00+00:00,successful,20
182,24,2025-06-19T02:00:00+00:00,successful,20
183,24,2025-07-19T02:00:00+00:00,successful,20
184,24,2025-08-19T02:00:00+00:00,successful,20
185,24,2025-09-19T02:00:00+00:00,successful,20
186,24,2025-10-19T02:00:00+00:00,successful,20
187,24,2025-11-19T02:00:00+00:00,successful,20
188,24,2025-12-19T02:00:00+00:00,successful,20
189,25,2025-01-20T20:18:19+00:00,successful,20
190,25,2025-02-20T02:00:00+00:00,failed,20
191,25,2025-03-20T02:00:00+00:00,successful,20
192,25,2025-04-20T02:00:00+00:00,successful,20
193,25,2025-05-20T02:00:00+00:00,successful,20
194,25,2025-06-20T02:00:00+00:00,successful,20
195,25,2025-07-20T02:00:00+00:00,successful,20
196,25,2025-08-20T02:00:00+00:00,successful,20
197,25,2025-09-20T02:00:00+00:00,successful,20
198,25,2025-10-20T02:00:00+00:00,successful,20
199,25,2025-11-20T02:00:00+00:00,successful,20
200,25,2025-12-20T02:00:00+00:00,successful,20
201,26,2025-01-21T00:52:24+00:00,successful,20
202,26,2025-02-20T02:00:00+00:00,successful,20
203,26,2025-03-20T02:00:00+00:00,successful,20
204,26,2025-04-20T02:00:00+00:00,successful,20
205,26,2025-05-20T02:00:00+00:00,successful,20
206,26,2025-06-20T02:00:00+00:00,successful,20
207,26,2025-07-20T02:00:00+00:00,successful,20
208,26,2025-08-20T02:00:00+00:00,successful,20
209,26,2025-09-20T02:00:00+00:00,successful,20
210,26,2025-10-20T02:00:00+00:00,successful,20
211,26,2025-11-20T02:00:00+00:00,successful,20
212,26,2025-12-20T02:00:00+00:00,successful,20
213,27,2025-01-21T19:37:39+00:00,successful,20
214,27,2025-02-21T02:00:00+00:00,successful,20
215,27,2025-03-21T02:00:00+00:00,successful,20
216,27,2025-04-21T02:00:00+00:00,successful,20
217,27,2025-05-21T02:00:00+00:00,successful,20
218,27,2025-06-21T02:00:00+00:00,successful,20
219,27,2025-07-21T02:00:00+00:00,successful,20
220,27,2025-08-21T02:00:00+00:00,successful,20
221,27,2025-09-21T02:00:00+00:00,successful,20
222,27,2025-10-21T02:00:00+00:00,successful,20
223,27,2025-11-21T02:00:00+00:00,successful,20
224,27,2025-12-21T02:00:00+00:00,successful,20
225,28,2025-01-22T08:10:28+00:00,successful,20
226,28,2025-02-22T02:00:00+00:00,successful,20
227,28,2025-03-22T02:00:00+00:00,successful,20
228,28,2025-04-22T02:00:00+00:00,successful,20
229,28,2025-05-22T02:00:00+00:00,successful,20
230,28,2025-06-22T02:00:00+00:00,successful,20
231,28,2025-07-22T02:00:00+00:00,successful,20
232,28,2025-08-22T02:00:00+00:00,failed,20
233,28,2025-09-22T02:00:00+00:00,successful,20
234,28,2025-10-22T02:00:00+00:00,successful,20
235,28,2025-11-22T02:00:00+00:00,successful,20
236,28,2025-12-22T02:00:00+00:00,successful,20
237,29,2025-01-23T15:30:14+00:00,failed,20
238,29,2025-02-23T02:00:00+00:00,successful,20
239,29,2025-03-23T02:00:00+00:00,successful,20
240,29,2025-04-23T02:00:00+00:00,successful,20
241,29,2025-05-23T02:00:00+00:00,successful,20
242,29,2025-06-23T02:00:00+00:00,successful,20
243,29,2025-07-23T02:00:00+00:00,successful,20
244,29,2025-08-23T02:00:00+00:00,successful,20
245,29,2025-09-23T02:00:00+00:00,successful,20
246,29,2025-10-23T02:00:00+00:00,successful,20
247,29,2025-11-23T02:00:00+00:00,successful,20
248,29,2025-12-23T02:00:00+00:00,successful,20
249,30,2025-01-24T09:12:39+00:00,successful,20
250,30,2025-02-24T02:00:00+00:00,successful,20
251,30,2025-03-24T02:00:00+00:00,successful,20
252,30,2025-04-24T02:00:00+00:00,successful,20
253,30,2025-05-24T02:00:00+00:00,successful,20
254,30,2025-06-24T02:00:00+00:00,successful,20
255,30,2025-07-24T02:00:00+00:00,successful,20
256,30,2025-08-24T02:00:00+00:00,successful,20
257,30,2025-09-24T02:00:00+00:00,successful,20
258,30,2025-10-24T02:00:00+00:00,successful,20
259,30,2025-11-24T02:00:00+00:00,successful,20
260,30,2025-12-24T02:00:00+00:00,successful,20
261,31,2025-01-24T19:31:21+00:00,successful,20
262,31,2025-02-24T02:00:00+00:00,successful,20
263,31,2025-03-24T02:00:00+00:00,successful,20
264,31,2025-04-24T02:00:00+00:00,failed,20
265,31,2025-05-24T02:00:00+00:00,successful,20
266,31,2025-06-24T02:00:00+00:00,successful,20
267,31,2025-07-24T02:00:00+00:00,successful,20
268,31,2025-08-24T02:00:00+00:00,successful,20
269,31,2025-09-24T02:00:00+00:00,successful,20
270,31,2025-10-24T02:00:00+00:00,successful,20
271,31,2025-11-24T02:00:00+00:00,successful,20
272,31,2025-12-24T02:00:00+00:00,successful,20
273,32,2025-01-24T19:09:48+00:00,successful,216
274,33,2025-01-25T08:48:21+00:00,successful,50
275,33,2025-02-25T02:00:00+00:00,successful,50
276,33,2025-03-25T02:00:00+00:00,successful,50
277,33,2025-04-25T02:00:00+00:00,successful,50
278,33,2025-05-25T02:00:00+00:00,successful,50
279,33,2025-06-25T02:00:00+00:00,successful,50
280,33,2025-07-25T02:00:00+00:00,successful,50
281,33,2025-08-25T02:00:00+00:00,successful,50
282,33,2025-09-25T02:00:00+00:00,successful,50
283,33,2025-10-25T02:00:00+00:00,successful,50
284,33,2025-11-25T02:00:00+00:00,successful,50
285,33,2025-12-25T02:00:00+00:00,successful,50
286,34,2025-01-25T14:53:35+00:00,successful,20
287,34,2025-02-25T02:00:00+00:00,successful,20
288,34,2025-03-25T02:00:00+00:00,successful,20
289,34,2025-04-25T02:00:00+00:00,successful,20
290,34,2025-05-25T02:00:00+00:00,successful,20
291,34,2025-06-25T02:00:00+00:00,successful,20
292,34,2025-07-25T02:00:00+00:00,successful,20
293,34,2025-08-25T02:00:00+00:00,successful,20
294,34,2025-09-25T02:00:00+00:00,successful,20
295,34,2025-10-25T02:00:00+00:00,successful,20
296,34,2025-11-25T02:00:00+00:00,successful,20
297,34,2025-12-25T02:00:00+00:00,successful,20
298,35,2025-01-27T06:01:02+00:00,successful,20
299,35,2025-02-27T02:00:00+00:00,successful,20
300,35,2025-03-27T02:00:00+00:00,successful,20
301,35,2025-04-27T02:00:00+00:00,successful,20
302,35,2025-05-27T02:00:00+00:00,successful,20
303,35,2025-06-27T02:00:00+00:00,successful,20
304,35,2025-07-27T02:00:00+00:00,successful,20
305,35,2025-08-27T02:00:00+00:00,successful,20
306,35,2025-09-27T02:00:00+00:00,successful,20
307,35,2025-10-27T02:00:00+00:00,successful,20
308,35,2025-11-27T02:00:00+00:00,successful,20
309,36,2025-01-29T04:33:10+00:00,successful,216
310,37,2025-01-29T14:10:03+00:00,successful,50
311,37,2025-02-28T02:00:00+00:00,successful,50
312,37,2025-03-29T02:00:00+00:00,successful,50
313,37,2025-04-29T02:00:00+00:00,successful,50
314,37,2025-05-29T02:00:00+00:00,successful,50
315,37,2025-06-29T02:00:00+00:00,successful,50
316,37,2025-07-29T02:00:00+00:00,successful,50
317,37,2025-08-29T02:00:00+00:00,successful,50
318,37,2025-09-29T02:00:00+00:00,successful,50
319,38,2025-01-29T21:51:00+00:00,successful,20
320,38,2025-02-28T02:00:00+00:00,successful,20
321,38,2025-03-29T02:00:00+00:00,successful,20
322,38,2025-04-29T02:00:00+00:00,successful,20
323,39,2025-01-30T06:46:31+00:00,successful,216
324,40,2025-01-30T19:09:06+00:00,successful,20
325,40,2025-02-28T02:00:00+00:00,successful,20
326,40,2025-03-30T02:00:00+00:00,successful,20
327,40,2025-04-30T02:00:00+00:00,successful,20
328,40,2025-05-30T02:00:00+00:00,successful,20
329,40,2025-06-30T02:00:00+00:00,successful,20
330,40,2025-07-30T02:00:00+00:00,successful,20
331,40,2025-08-30T02:00:00+00:00,successful,20
332,40,2025-09-30T02:00:00+00:00,successful,20
333,40,2025-10-30T02:00:00+00:00,successful,20
334,40,2025-11-30T02:00:00+00:00,successful,20
335,40,2025-12-30T02:00:00+00:00,successful,20
336,41,2025-01-30T23:39:16+00:00,successful,216
337,42,2025-02-01T13:33:48+00:00,successful,50
338,42,2025-03-01T02:00:00+00:00,successful,50
339,42,2025-04-01T02:00:00+00:00,successful,50
340,42,2025-05-01T02:00:00+00:00,successful,50
341,42,2025-06-01T02:00:00+00:00,successful,50
342,42,2025-07-01T02:00:00+00:00,successful,50
343,42,2025-08-01T02:00:00+00:00,successful,50
344,42,2025-09-01T02:00:00+00:00,successful,50
345,42,2025-10-01T02:00:00+00:00,successful,50
346,42,2025-11-01T02:00:00+00:00,successful,50
347,42,2025-12-01T02:00:00+00:00,successful,50
348,43,2025-02-01T15:17:13+00:00,successful,20
349,43,2025-03-01T02:00:00+00:00,successful,20
350,43,2025-04-01T02:00:00+00:00,successful,20
351,43,2025-05-01T02:00:00+00:00,successful,20
352,43,2025-06-01T02:00:00+00:00,successful,20
353,43,2025-07-01T02:00:00+00:00,successful,20
354,43,2025-08-01T02:00:00+00:00,successful,20
355,43,2025-09-01T02:00:00+00:00,successful,20
356,43,2025-10-01T02:00:00+00:00,successful,20
357,43,2025-11-01T02:00:00+00:00,successful,20
358,43,2025-12-01T02:00:00+00:00,successful,20
359,44,2025-02-02T21:20:06+00:00,successful,50
360,44,2025-03-02T02:00:00+00:00,successful,50
361,44,2025-04-02T02:00:00+00:00,successful,50
362,44,2025-05-02T02:00:00+00:00,successful,50
363,44,2025-06-02T02:00:00+00:00,successful,50
364,44,2025-07-02T02:00:00+00:00,successful,50
365,44,2025-08-02T02:00:00+00:00,successful,50
366,44,2025-09-02T02:00:00+00:00,successful,50
367,44,2025-10-02T02:00:00+00:00,successful,50
368,44,2025-11-02T02:00:00+00:00,successful,50
369,45,2025-02-03T16:21:40+00:00,successful,20
370,45,2025-03-03T02:00:00+00:00,successful,20
371,45,2025-04-03T02:00:00+00:00,successful,20
372,45,2025-05-03T02:00:00+00:00,successful,20
373,45,2025-06-03T02:00:00+00:00,successful,20
374,45,2025-07-03T02:00:00+00:00,successful,20
375,45,2025-08-03T02:00:00+00:00,successful,20
376,45,2025-09-03T02:00:00+00:00,successful,20
377,45,2025-10-03T02:00:00+00:00,successful,20
378,45,2025-11-03T02:00:00+00:00,successful,20
379,45,2025-12-03T02:00:00+00:00,successful,20
380,46,2025-02-04T02:00:00+00:00,successful,216
381,47,2025-02-04T13:02:27+00:00,successful,50
382,47,2025-03-04T02:00:00+00:00,successful,50
383,47,2025-04-04T02:00:00+00:00,successful,50
384,47,2025-05-04T02:00:00+00:00,successful,50
385,47,2025-06-04T02:00:00+00:00,successful,50
386,47,2025-07-04T02:00:00+00:00,successful,50
387,47,2025-08-04T02:00:00+00:00,successful,50
388,47,2025-09-04T02:00:00+00:00,successful,50
389,47,2025-10-04T02:00:00+00:00,successful,50
390,47,2025-11-04T02:00:00+00:00,successful,50
391,47,2025-12-04T02:00:00+00:00,successful,50
392,48,2025-02-04T12:47:38+00:00,successful,540
393,49,2025-02-04T22:52:38+00:00,successful,50
394,49,2025-03-04T02:00:00+00:00,successful,50
395,49,2025-04-04T02:00:00+00:00,successful,50
396,49,2025-05-04T02:00:00+00:00,failed,50
397,49,2025-06-04T02:00:00+00:00,successful,50
398,49,2025-07-04T02:00:00+00:00,successful,50
399,49,2025-08-04T02:00:00+00:00,successful,50
400,49,2025-09-04T02:00:00+00:00,successful,50
401,49,2025-10-04T02:00:00+00:00,successful,50
402,50,2025-02-05T09:57:02+00:00,successful,20
403,50,2025-03-05T02:00:00+00:00,successful,20
404,50,2025-04-05T02:00:00+00:00,successful,20
405,50,2025-05-05T02:00:00+00:00,successful,20
406,50,2025-06-05T02:00:00+00:00,successful,20
407,51,2025-02-05T16:51:00+00:00,successful,50
408,51,2025-03-05T02:00:00+00:00,successful,50
409,51,2025-04-05T02:00:00+00:00,successful,50
410,51,2025-05-05T02:00:00+00:00,successful,50
411,51,2025-06-05T02:00:00+00:00,successful,50
412,51,2025-07-05T02:00:00+00:00,successful,50
413,51,2025-08-05T02:00:00+00:00,successful,50
414,51,2025-09-05T02:00:00+00:00,successful,50
415,51,2025-10-05T02:00:00+00:00,successful,50
416,51,2025-11-05T02:00:00+00:00,successful,50
417,51,2025-12-05T02:00:00+00:00,successful,50
418,52,2025-02-07T14:56:35+00:00,successful,20
419,52,2025-03-07T02:00:00+00:00,successful,20
420,52,2025-04-07T02:00:00+00:00,successful,20
421,52,2025-05-07T02:00:00+00:00,successful,20
422,52,2025-06-07T02:00:00+00:00,successful,20
423,52,2025-07-07T02:00:00+00:00,successful,20
424,52,2025-08-07T02:00:00+00:00,failed,20
425,52,2025-09-07T02:00:00+00:00,successful,20
426,52,2025-10-07T02:00:00+00:00,successful,20
427,52,2025-11-07T02:00:00+00:00,successful,20
428,53,2025-02-09T10:36:22+00:00,successful,20
429,53,2025-03-09T02:00:00+00:00,failed,20
430,53,2025-04-09T02:00:00+00:00,successful,20
431,53,2025-05-09T02:00:00+00:00,successful,20
432,54,2025-02-09T19:03:09+00:00,successful,20
433,54,2025-03-09T02:00:00+00:00,successful,20
434,54,2025-04-09T02:00:00+00:00,successful,20
435,54,2025-05-09T02:00:00+00:00,successful,20
436,54,2025-06-09T02:00:00+00:00,successful,20
437,54,2025-07-09T02:00:00+00:00,successful,20
438,54,2025-08-09T02:00:00+00:00,successful,20
439,54,2025-09-09T02:00:00+00:00,successful,20
440,54,2025-10-09T02:00:00+00:00,successful,20
441,54,2025-11-09T02:00:00+00:00,failed,20
442,55,2025-02-09T21:14:29+00:00,successful,50
443,56,2025-02-10T06:02:35+00:00,successful,20
444,56,2025-03-10T02:00:00+00:00,successful,20
445,56,2025-04-10T02:00:00+00:00,successful,20
446,56,2025-05-10T02:00:00+00:00,successful,20
447,56,2025-06-10T02:00:00+00:00,successful,20
448,56,2025-07-10T02:00:00+00:00,successful,20
449,56,2025-08-10T02:00:00+00:00,successful,20
450,56,2025-09-10T02:00:00+00:00,successful,20
451,56,2025-10-10T02:00:00+00:00,successful,20
452,56,2025-11-10T02:00:00+00:00,successful,20
453,56,2025-12-10T02:00:00+00:00,successful,20
454,57,2025-02-11T14:10:00+00:00,successful,20
455,57,2025-03-11T02:00:00+00:00,successful,20
456,57,2025-04-11T02:00:00+00:00,successful,20
457,57,2025-05-11T02:00:00+00:00,successful,20
458,57,2025-06-11T02:00:00+00:00,successful,20
459,57,2025-07-11T02:00:00+00:00,successful,20
460,57,2025-08-11T02:00:00+00:00,successful,20
461,57,2025-09-11T02:00:00+00:00,successful,20
462,57,2025-10-11T02:00:00+00:00,successful,20
463,57,2025-11-11T02:00:00+00:00,successful,20
464,57,2025-12-11T02:00:00+00:00,successful,20
465,58,2025-02-11T13:41:57+00:00,successful,216
466,59,2025-02-11T15:31:01+00:00,successful,20
467,59,2025-03-11T02:00:00+00:00,successful,20
468,59,2025-04-11T02:00:00+00:00,successful,20
469,59,2025-05-11T02:00:00+00:00,successful,20
470,59,2025-06-11T02:00:00+00:00,successful,20
471,59,2025-07-11T02:00:00+00:00,successful,20
472,59,2025-08-11T02:00:00+00:00,successful,20
473,59,2025-09-11T02:00:00+00:00,successful,20
474,59,2025-10-11T02:00:00+00:00,successful,20
475,59,2025-11-11T02:00:00+00:00,successful,20
476,59,2025-12-11T02:00:00+00:00,successful,20
477,60,2025-02-11T18:20:54+00:00,successful,20
478,60,2025-03-11T02:00:00+00:00,successful,20
479,60,2025-04-11T02:00:00+00:00,successful,20
480,60,2025-05-11T02:00:00+00:00,successful,20
481,60,2025-06-11T02:00:00+00:00,successful,20
482,60,2025-07-11T02:00:00+00:00,successful,20
483,60,2025-08-11T02:00:00+00:00,successful,20
484,60,2025-09-11T02:00:00+00:00,failed,20
485,60,2025-10-11T02:00:00+00:00,successful,20
486,60,2025-11-11T02:00:00+00:00,successful,20
487,60,2025-12-11T02:00:00+00:00,successful,20
488,61,2025-02-13T21:50:14+00:00,successful,20
489,61,2025-03-13T02:00:00+00:00,successful,20
490,61,2025-04-13T02:00:00+00:00,successful,20
491,61,2025-05-13T02:00:00+00:00,successful,20
492,61,2025-06-13T02:00:00+00:00,successful,20
493,61,2025-07-13T02:00:00+00:00,successful,20
494,61,2025-08-13T02:00:00+00:00,successful,20
495,61,2025-09-13T02:00:00+00:00,successful,20
496,61,2025-10-13T02:00:00+00:00,successful,20
497,61,2025-11-13T02:00:00+00:00,successful,20
498,61,2025-12-13T02:00:00+00:00,successful,20
499,62,2025-02-14T09:09:19+00:00,successful,20
500,62,2025-03-14T02:00:00+00:00,successful,20
501,62,2025-04-14T02:00:00+00:00,successful,20
502,62,2025-05-14T02:00:00+00:00,successful,20
503,62,2025-06-14T02:00:00+00:00,successful,20
504,62,2025-07-14T02:00:00+00:00,successful,20
505,62,2025-08-14T02:00:00+00:00,successful,20
506,62,2025-09-14T02:00:00+00:00,successful,20
507,62,2025-10-14T02:00:00+00:00,successful,20
508,62,2025-11-14T02:00:00+00:00,successful,20
509,62,2025-12-14T02:00:00+00:00,successful,20
510,63,2025-02-15T02:00:00+00:00,successful,20
511,63,2025-03-15T02:00:00+00:00,successful,20
512,63,2025-04-15T02:00:00+00:00,successful,20
513,63,2025-05-15T02:00:00+00:00,successful,20
514,63,2025-06-15T02:00:00+00:00,successful,20
515,63,2025-07-15T02:00:00+00:00,successful,20
516,63,2025-08-15T02:00:00+00:00,failed,20
517,63,2025-09-15T02:00:00+00:00,successful,20
518,63,2025-10-15T02:00:00+00:00,successful,20
519,63,2025-11-15T02:00:00+00:00,successful,20
520,64,2025-02-15T09:14:53+00:00,successful,50
521,64,2025-03-15T02:00:00+00:00,successful,50
522,64,2025-04-15T02:00:00+00:00,successful,50
523,64,2025-05-15T02:00:00+00:00,successful,50
524,64,2025-06-15T02:00:00+00:00,successful,50
525,64,2025-07-15T02:00:00+00:00,successful,50
526,64,2025-08-15T02:00:00+00:00,successful,50
527,64,2025-09-15T02:00:00+00:00,successful,50
528,64,2025-10-15T02:00:00+00:00,successful,50
529,64,2025-11-15T02:00:00+00:00,successful,50
530,64,2025-12-15T02:00:00+00:00,successful,50
531,65,2025-02-15T19:28:05+00:00,successful,20
532,65,2025-03-15T02:00:00+00:00,successful,20
533,65,2025-04-15T02:00:00+00:00,successful,20
534,65,2025-05-15T02:00:00+00:00,successful,20
535,65,2025-06-15T02:00:00+00:00,successful,20
536,65,2025-07-15T02:00:00+00:00,successful,20
537,65,2025-08-15T02:00:00+00:00,successful,20
538,65,2025-09-15T02:00:00+00:00,successful,20
539,65,2025-10-15T02:00:00+00:00,successful,20
540,65,2025-11-15T02:00:00+00:00,successful,20
541,65,2025-12-15T02:00:00+00:00,successful,20
542,66,2025-02-16T00:12:01+00:00,successful,20
543,66,2025-03-15T02:00:00+00:00,successful,20
544,66,2025-04-15T02:00:00+00:00,successful,20
545,66,2025-05-15T02:00:00+00:00,successful,20
546,66,2025-06-15T02:00:00+00:00,successful,20
547,66,2025-07-15T02:00:00+00:00,successful,20
548,66,2025-08-15T02:00:00+00:00,successful,20
549,66,2025-09-15T02:00:00+00:00,successful,20
550,66,2025-10-15T02:00:00+00:00,successful,20
551,66,2025-11-15T02:00:00+00:00,successful,20
552,66,2025-12-15T02:00:00+00:00,successful,20
553,67,2025-02-17T02:00:00+00:00,successful,20
554,67,2025-03-17T02:00:00+00:00,successful,20
555,67,2025-04-17T02:00:00+00:00,successful,20
556,67,2025-05-17T02:00:00+00:00,successful,20
557,67,2025-06-17T02:00:00+00:00,successful,20
558,67,2025-07-17T02:00:00+00:00,successful,20
559,67,2025-08-17T02:00:00+00:00,successful,20
560,67,2025-09-17T02:00:00+00:00,successful,20
561,67,2025-10-17T02:00:00+00:00,successful,20
562,67,2025-11-17T02:00:00+00:00,successful,20
563,67,2025-12-17T02:00:00+00:00,successful,20
564,68,2025-02-17T22:29:46+00:00,successful,216
565,69,2025-02-18T09:30:44+00:00,successful,20
566,69,2025-03-18T02:00:00+00:00,successful,20
567,69,2025-04-18T02:00:00+00:00,successful,20
568,69,2025-05-18T02:00:00+00:00,successful,20
569,69,2025-06-18T02:00:00+00:00,successful,20
570,69,2025-07-18T02:00:00+00:00,successful,20
571,69,2025-08-18T02:00:00+00:00,successful,20
572,69,2025-09-18T02:00:00+00:00,successful,20
573,69,2025-10-18T02:00:00+00:00,successful,20
574,69,2025-11-18T02:00:00+00:00,failed,20
575,69,2025-12-18T02:00:00+00:00,successful,20
576,70,2025-02-18T13:35:20+00:00,successful,20
577,70,2025-03-18T02:00:00+00:00,successful,20
578,70,2025-04-18T02:00:00+00:00,successful,20
579,70,2025-05-18T02:00:00+00:00,successful,20
580,70,2025-06-18T02:00:00+00:00,successful,20
581,70,2025-07-18T02:00:00+00:00,successful,20
582,70,2025-08-18T02:00:00+00:00,successful,20
583,70,2025-09-18T02:00:00+00:00,successful,20
584,70,2025-10-18T02:00:00+00:00,successful,20
585,70,2025-11-18T02:00:00+00:00,successful,20
586,70,2025-12-18T02:00:00+00:00,failed,20
587,71,2025-02-18T14:53:37+00:00,successful,50
588,71,2025-03-18T02:00:00+00:00,successful,50
589,71,2025-04-18T02:00:00+00:00,successful,50
590,71,2025-05-18T02:00:00+00:00,successful,50
591,71,2025-06-18T02:00:00+00:00,successful,50
592,71,2025-07-18T02:00:00+00:00,successful,50
593,71,2025-08-18T02:00:00+00:00,successful,50
594,72,2025-02-18T17:35:36+00:00,successful,20
595,72,2025-03-18T02:00:00+00:00,successful,20
596,72,2025-04-18T02:00:00+00:00,successful,20
597,72,2025-05-18T02:00:00+00:00,successful,20
598,72,2025-06-18T02:00:00+00:00,successful,20
599,72,2025-07-18T02:00:00+00:00,successful,20
600,72,2025-08-18T02:00:00+00:00,successful,20
601,72,2025-09-18T02:00:00+00:00,successful,20
602,72,2025-10-18T02:00:00+00:00,successful,20
603,72,2025-11-18T02:00:00+00:00,successful,20
604,72,2025-12-18T02:00:00+00:00,successful,20
605,73,2025-02-20T08:35:10+00:00,successful,20
606,73,2025-03-20T02:00:00+00:00,successful,20
607,73,2025-04-20T02:00:00+00:00,successful,20
608,73,2025-05-20T02:00:00+00:00,successful,20
609,73,2025-06-20T02:00:00+00:00,successful,20
610,73,2025-07-20T02:00:00+00:00,successful,20
611,73,2025-08-20T02:00:00+00:00,successful,20
612,73,2025-09-20T02:00:00+00:00,successful,20
613,73,2025-10-20T02:00:00+00:00,successful,20
614,73,2025-11-20T02:00:00+00:00,successful,20
615,73,2025-12-20T02:00:00+00:00,successful,20
616,74,2025-02-20T15:50:01+00:00,successful,216
617,75,2025-02-20T20:24:56+00:00,successful,540
618,76,2025-02-20T23:04:00+00:00,failed,50
619,76,2025-03-20T02:00:00+00:00,successful,50
620,76,2025-04-20T02:00:00+00:00,successful,50
621,76,2025-05-20T02:00:00+00:00,successful,50
622,76,2025-06-20T02:00:00+00:00,successful,50
623,76,2025-07-20T02:00:00+00:00,successful,50
624,76,2025-08-20T02:00:00+00:00,successful,50
625,76,2025-09-20T02:00:00+00:00,successful,50
626,76,2025-10-20T02:00:00+00:00,successful,50
627,76,2025-11-20T02:00:00+00:00,successful,50
628,76,2025-12-20T02:00:00+00:00,successful,50
629,77,2025-02-21T08:43:13+00:00,successful,20
630,77,2025-03-21T02:00:00+00:00,successful,20
631,77,2025-04-21T02:00:00+00:00,successful,20
632,77,2025-05-21T02:00:00+00:00,successful,20
633,77,2025-06-21T02:00:00+00:00,successful,20
634,77,2025-07-21T02:00:00+00:00,successful,20
635,77,2025-08-21T02:00:00+00:00,successful,20
636,77,2025-09-21T02:00:00+00:00,successful,20
637,77,2025-10-21T02:00:00+00:00,successful,20
638,77,2025-11-21T02:00:00+00:00,successful,20
639,77,2025-12-21T02:00:00+00:00,successful,20
640,78,2025-02-21T08:32:57+00:00,successful,216
641,79,2025-02-21T08:54:34+00:00,successful,216
642,80,2025-02-22T02:00:00+00:00,successful,216
643,81,2025-02-22T23:30:28+00:00,successful,216
644,82,2025-02-23T02:00:00+00:00,successful,20
645,83,2025-02-24T22:59:58+00:00,successful,20
646,83,2025-03-24T02:00:00+00:00,successful,20
647,83,2025-04-24T02:00:00+00:00,successful,20
648,83,2025-05-24T02:00:00+00:00,successful,20
649,83,2025-06-24T02:00:00+00:00,failed,20
650,83,2025-07-24T02:00:00+00:00,successful,20
651,84,2025-02-25T21:03:03+00:00,failed,20
652,84,2025-03-25T02:00:00+00:00,successful,20
653,85,2025-02-26T02:00:00+00:00,successful,20
654,85,2025-03-26T02:00:00+00:00,successful,20
655,86,2025-02-26T10:05:36+00:00,successful,20
656,86,2025-03-26T02:00:00+00:00,successful,20
657,86,2025-04-26T02:00:00+00:00,successful,20
658,86,2025-05-26T02:00:00+00:00,successful,20
659,86,2025-06-26T02:00:00+00:00,successful,20
660,86,2025-07-26T02:00:00+00:00,successful,20
661,86,2025-08-26T02:00:00+00:00,successful,20
662,86,2025-09-26T02:00:00+00:00,successful,20
663,86,2025-10-26T02:00:00+00:00,successful,20
664,86,2025-11-26T02:00:00+00:00,successful,20
665,86,2025-12-26T02:00:00+00:00,successful,20
666,87,2025-02-26T14:41:56+00:00,successful,20
667,87,2025-03-26T02:00:00+00:00,successful,20
668,87,2025-04-26T02:00:00+00:00,successful,20
669,87,2025-05-26T02:00:00+00:00,successful,20
670,87,2025-06-26T02:00:00+00:00,successful,20
671,87,2025-07-26T02:00:00+00:00,successful,20
672,87,2025-08-26T02:00:00+00:00,successful,20
673,87,2025-09-26T02:00:00+00:00,successful,20
674,88,2025-02-27T04:42:14+00:00,successful,20
675,88,2025-03-27T02:00:00+00:00,successful,20
676,88,2025-04-27T02:00:00+00:00,successful,20
677,88,2025-05-27T02:00:00+00:00,successful,20
678,88,2025-06-27T02:00:00+00:00,successful,20
679,88,2025-07-27T02:00:00+00:00,successful,20
680,88,2025-08-27T02:00:00+00:00,successful,20
681,88,2025-09-27T02:00:00+00:00,successful,20
682,88,2025-10-27T02:00:00+00:00,successful,20
683,88,2025-11-27T02:00:00+00:00,successful,20
684,88,2025-12-27T02:00:00+00:00,successful,20
685,89,2025-02-27T05:44:42+00:00,successful,540
686,90,2025-02-27T20:19:21+00:00,successful,20
687,90,2025-03-27T02:00:00+00:00,successful,20
688,90,2025-04-27T02:00:00+00:00,successful,20
689,90,2025-05-27T02:00:00+00:00,successful,20
690,90,2025-06-27T02:00:00+00:00,successful,20
691,90,2025-07-27T02:00:00+00:00,successful,20
692,90,2025-08-27T02:00:00+00:00,successful,20
693,90,2025-09-27T02:00:00+00:00,successful,20
694,90,2025-10-27T02:00:00+00:00,successful,20
695,90,2025-11-27T02:00:00+00:00,successful,20
696,90,2025-12-27T02:00:00+00:00,successful,20
697,91,2025-03-01T12:14:03+00:00,successful,216
698,92,2025-03-01T12:42:57+00:00,successful,216
699,93,2025-03-01T22:00:30+00:00,successful,50
700,93,2025-04-01T02:00:00+00:00,successful,50
701,93,2025-05-01T02:00:00+00:00,successful,50
702,93,2025-06-01T02:00:00+00:00,successful,50
703,93,2025-07-01T02:00:00+00:00,successful,50
704,93,2025-08-01T02:00:00+00:00,successful,50
705,93,2025-09-01T02:00:00+00:00,successful,50
706,93,2025-10-01T02:00:00+00:00,successful,50
707,93,2025-11-01T02:00:00+00:00,successful,50
708,93,2025-12-01T02:00:00+00:00,successful,50
709,94,2025-03-02T14:46:00+00:00,successful,216
710,95,2025-03-02T18:01:11+00:00,successful,20
711,95,2025-04-02T02:00:00+00:00,successful,20
712,95,2025-05-02T02:00:00+00:00,successful,20
713,95,2025-06-02T02:00:00+00:00,successful,20
714,95,2025-07-02T02:00:00+00:00,successful,20
715,95,2025-08-02T02:00:00+00:00,successful,20
716,95,2025-09-02T02:00:00+00:00,successful,20
717,95,2025-10-02T02:00:00+00:00,successful,20
718,95,2025-11-02T02:00:00+00:00,successful,20
719,95,2025-12-02T02:00:00+00:00,successful,20
720,96,2025-03-02T18:35:00+00:00,successful,20
721,96,2025-04-02T02:00:00+00:00,successful,20
722,96,2025-05-02T02:00:00+00:00,successful,20
723,96,2025-06-02T02:00:00+00:00,successful,20
724,96,2025-07-02T02:00:00+00:00,successful,20
725,96,2025-08-02T02:00:00+00:00,successful,20
726,96,2025-09-02T02:00:00+00:00,successful,20
727,96,2025-10-02T02:00:00+00:00,successful,20
728,96,2025-11-02T02:00:00+00:00,successful,20
729,96,2025-12-02T02:00:00+00:00,successful,20
730,97,2025-03-03T02:00:00+00:00,successful,50
731,97,2025-04-03T02:00:00+00:00,successful,50
732,97,2025-05-03T02:00:00+00:00,successful,50
733,97,2025-06-03T02:00:00+00:00,successful,50
734,97,2025-07-03T02:00:00+00:00,successful,50
735,97,2025-08-03T02:00:00+00:00,successful,50
736,97,2025-09-03T02:00:00+00:00,successful,50
737,97,2025-10-03T02:00:00+00:00,successful,50
738,97,2025-11-03T02:00:00+00:00,successful,50
739,97,2025-12-03T02:00:00+00:00,successful,50
740,98,2025-03-03T23:29:06+00:00,successful,20
741,98,2025-04-03T02:00:00+00:00,successful,20
742,98,2025-05-03T02:00:00+00:00,successful,20
743,98,2025-06-03T02:00:00+00:00,successful,20
744,98,2025-07-03T02:00:00+00:00,successful,20
745,99,2025-03-04T18:04:32+00:00,failed,20
746,99,2025-04-04T02:00:00+00:00,successful,20
747,99,2025-05-04T02:00:00+00:00,successful,20
748,99,2025-06-04T02:00:00+00:00,successful,20
749,99,2025-07-04T02:00:00+00:00,successful,20
750,99,2025-08-04T02:00:00+00:00,successful,20
751,99,2025-09-04T02:00:00+00:00,successful,20
752,99,2025-10-04T02:00:00+00:00,successful,20
753,99,2025-11-04T02:00:00+00:00,successful,20
754,99,2025-12-04T02:00:00+00:00,successful,20
755,100,2025-03-06T17:54:30+00:00,successful,20
756,100,2025-04-06T02:00:00+00:00,successful,20
757,100,2025-05-06T02:00:00+00:00,successful,20
758,101,2025-03-07T04:15:40+00:00,successful,20
759,101,2025-04-07T02:00:00+00:00,successful,20
760,101,2025-05-07T02:00:00+00:00,successful,20
761,101,2025-06-07T02:00:00+00:00,successful,20
762,101,2025-07-07T02:00:00+00:00,successful,20
763,101,2025-08-07T02:00:00+00:00,successful,20
764,101,2025-09-07T02:00:00+00:00,successful,20
765,101,2025-10-07T02:00:00+00:00,successful,20
766,101,2025-11-07T02:00:00+00:00,successful,20
767,101,2025-12-07T02:00:00+00:00,successful,20
768,102,2025-03-07T06:58:58+00:00,successful,20
769,102,2025-04-07T02:00:00+00:00,successful,20
770,103,2025-03-07T10:17:34+00:00,successful,50
771,103,2025-04-07T02:00:00+00:00,successful,50
772,103,2025-05-07T02:00:00+00:00,successful,50
773,103,2025-06-07T02:00:00+00:00,successful,50
774,103,2025-07-07T02:00:00+00:00,successful,50
775,103,2025-08-07T02:00:00+00:00,successful,50
776,103,2025-09-07T02:00:00+00:00,successful,50
777,103,2025-10-07T02:00:00+00:00,successful,50
778,103,2025-11-07T02:00:00+00:00,successful,50
779,103,2025-12-07T02:00:00+00:00,successful,50
780,104,2025-03-07T23:13:39+00:00,successful,20
781,104,2025-04-07T02:00:00+00:00,successful,20
782,104,2025-05-07T02:00:00+00:00,successful,20
783,104,2025-06-07T02:00:00+00:00,successful,20
784,104,2025-07-07T02:00:00+00:00,successful,20
785,104,2025-08-07T02:00:00+00:00,successful,20
786,104,2025-09-07T02:00:00+00:00,successful,20
787,104,2025-10-07T02:00:00+00:00,successful,20
788,104,2025-11-07T02:00:00+00:00,successful,20
789,105,2025-03-07T23:37:27+00:00,successful,20
790,105,2025-04-07T02:00:00+00:00,successful,20
791,105,2025-05-07T02:00:00+00:00,successful,20
792,105,2025-06-07T02:00:00+00:00,successful,20
793,105,2025-07-07T02:00:00+00:00,successful,20
794,105,2025-08-07T02:00:00+00:00,failed,20
795,105,2025-09-07T02:00:00+00:00,successful,20
796,106,2025-03-07T23:52:57+00:00,successful,216
797,107,2025-03-08T18:17:39+00:00,successful,20
798,107,2025-04-08T02:00:00+00:00,successful,20
799,107,2025-05-08T02:00:00+00:00,successful,20
800,107,2025-06-08T02:00:00+00:00,successful,20
801,107,2025-07-08T02:00:00+00:00,failed,20
802,107,2025-08-08T02:00:00+00:00,successful,20
803,107,2025-09-08T02:00:00+00:00,successful,20
804,107,2025-10-08T02:00:00+00:00,successful,20
805,107,2025-11-08T02:00:00+00:00,successful,20
806,107,2025-12-08T02:00:00+00:00,successful,20
807,108,2025-03-09T04:15:17+00:00,successful,216
808,109,2025-03-09T08:17:30+00:00,successful,20
809,109,2025-04-09T02:00:00+00:00,successful,20
810,109,2025-05-09T02:00:00+00:00,successful,20
811,109,2025-06-09T02:00:00+00:00,successful,20
812,109,2025-07-09T02:00:00+00:00,successful,20
813,109,2025-08-09T02:00:00+00:00,successful,20
814,109,2025-09-09T02:00:00+00:00,successful,20
815,109,2025-10-09T02:00:00+00:00,successful,20
816,109,2025-11-09T02:00:00+00:00,successful,20
817,109,2025-12-09T02:00:00+00:00,successful,20
818,110,2025-03-09T20:38:44+00:00,successful,20
819,111,2025-03-09T20:58:55+00:00,successful,20
820,111,2025-04-09T02:00:00+00:00,successful,20
821,112,2025-03-10T07:48:39+00:00,successful,20
822,112,2025-04-10T02:00:00+00:00,successful,20
823,112,2025-05-10T02:00:00+00:00,successful,20
824,112,2025-06-10T02:00:00+00:00,successful,20
825,112,2025-07-10T02:00:00+00:00,successful,20
826,112,2025-08-10T02:00:00+00:00,successful,20
827,113,2025-03-11T14:26:19+00:00,successful,20
828,113,2025-04-11T02:00:00+00:00,successful,20
829,113,2025-05-11T02:00:00+00:00,successful,20
830,113,2025-06-11T02:00:00+00:00,failed,20
831,113,2025-07-11T02:00:00+00:00,successful,20
832,113,2025-08-11T02:00:00+00:00,successful,20
833,113,2025-09-11T02:00:00+00:00,failed,20
834,113,2025-10-11T02:00:00+00:00,successful,20
835,113,2025-11-11T02:00:00+00:00,successful,20
836,113,2025-12-11T02:00:00+00:00,successful,20
837,114,2025-03-12T20:17:43+00:00,successful,20
838,114,2025-04-12T02:00:00+00:00,successful,20
839,114,2025-05-12T02:00:00+00:00,successful,20
840,114,2025-06-12T02:00:00+00:00,successful,20
841,114,2025-07-12T02:00:00+00:00,successful,20
842,114,2025-08-12T02:00:00+00:00,successful,20
843,115,2025-03-14T02:00:00+00:00,successful,50
844,116,2025-03-14T23:48:23+00:00,successful,20
845,116,2025-04-14T02:00:00+00:00,successful,20
846,116,2025-05-14T02:00:00+00:00,successful,20
847,116,2025-06-14T02:00:00+00:00,successful,20
848,116,2025-07-14T02:00:00+00:00,successful,20
849,116,2025-08-14T02:00:00+00:00,failed,20
850,116,2025-09-14T02:00:00+00:00,successful,20
851,116,2025-10-14T02:00:00+00:00,successful,20
852,116,2025-11-14T02:00:00+00:00,successful,20
853,116,2025-12-14T02:00:00+00:00,successful,20
854,117,2025-03-16T23:28:35+00:00,successful,20
855,117,2025-04-16T02:00:00+00:00,successful,20
856,117,2025-05-16T02:00:00+00:00,successful,20
857,117,2025-06-16T02:00:00+00:00,successful,20
858,117,2025-07-16T02:00:00+00:00,successful,20
859,117,2025-08-16T02:00:00+00:00,successful,20
860,117,2025-09-16T02:00:00+00:00,successful,20
861,117,2025-10-16T02:00:00+00:00,successful,20
862,117,2025-11-16T02:00:00+00:00,successful,20
863,117,2025-12-16T02:00:00+00:00,successful,20
864,118,2025-03-17T00:55:33+00:00,failed,20
865,118,2025-04-16T02:00:00+00:00,successful,20
866,118,2025-05-16T02:00:00+00:00,successful,20
867,118,2025-06-16T02:00:00+00:00,successful,20
868,118,2025-07-16T02:00:00+00:00,successful,20
869,118,2025-08-16T02:00:00+00:00,successful,20
870,118,2025-09-16T02:00:00+00:00,successful,20
871,118,2025-10-16T02:00:00+00:00,successful,20
872,118,2025-11-16T02:00:00+00:00,successful,20
873,118,2025-12-16T02:00:00+00:00,successful,20
874,119,2025-03-17T09:25:14+00:00,successful,20
875,119,2025-04-17T02:00:00+00:00,failed,20
876,119,2025-05-17T02:00:00+00:00,successful,20
877,119,2025-06-17T02:00:00+00:00,successful,20
878,119,2025-07-17T02:00:00+00:00,successful,20
879,119,2025-08-17T02:00:00+00:00,failed,20
880,119,2025-09-17T02:00:00+00:00,successful,20
881,119,2025-10-17T02:00:00+00:00,successful,20
882,119,2025-11-17T02:00:00+00:00,failed,20
883,120,2025-03-17T19:49:37+00:00,failed,216
884,121,2025-03-18T06:29:47+00:00,successful,20
885,121,2025-04-18T02:00:00+00:00,successful,20
886,121,2025-05-18T02:00:00+00:00,successful,20
887,121,2025-06-18T02:00:00+00:00,successful,20
888,121,2025-07-18T02:00:00+00:00,successful,20
889,121,2025-08-18T02:00:00+00:00,failed,20
890,122,2025-03-18T10:56:54+00:00,successful,50
891,123,2025-03-20T08:02:43+00:00,failed,20
892,123,2025-04-20T02:00:00+00:00,successful,20
893,123,2025-05-20T02:00:00+00:00,successful,20
894,123,2025-06-20T02:00:00+00:00,successful,20
895,123,2025-07-20T02:00:00+00:00,successful,20
896,123,2025-08-20T02:00:00+00:00,successful,20
897,123,2025-09-20T02:00:00+00:00,successful,20
898,123,2025-10-20T02:00:00+00:00,successful,20
899,123,2025-11-20T02:00:00+00:00,successful,20
900,123,2025-12-20T02:00:00+00:00,successful,20
901,124,2025-03-20T17:10:11+00:00,successful,216
902,125,2025-03-21T17:29:11+00:00,successful,216
903,126,2025-03-22T10:31:50+00:00,successful,20
904,126,2025-04-22T02:00:00+00:00,successful,20
905,126,2025-05-22T02:00:00+00:00,successful,20
906,126,2025-06-22T02:00:00+00:00,successful,20
907,126,2025-07-22T02:00:00+00:00,successful,20
908,126,2025-08-22T02:00:00+00:00,successful,20
909,126,2025-09-22T02:00:00+00:00,successful,20
910,126,2025-10-22T02:00:00+00:00,successful,20
911,126,2025-11-22T02:00:00+00:00,successful,20
912,126,2025-12-22T02:00:00+00:00,successful,20
913,127,2025-03-23T07:29:49+00:00,successful,540
914,128,2025-03-23T15:46:00+00:00,successful,20
915,128,2025-04-23T02:00:00+00:00,successful,20
916,128,2025-05-23T02:00:00+00:00,successful,20
917,128,2025-06-23T02:00:00+00:00,successful,20
918,128,2025-07-23T02:00:00+00:00,successful,20
919,128,2025-08-23T02:00:00+00:00,successful,20
920,128,2025-09-23T02:00:00+00:00,successful,20
921,128,2025-10-23T02:00:00+00:00,successful,20
922,128,2025-11-23T02:00:00+00:00,successful,20
923,128,2025-12-23T02:00:00+00:00,successful,20
924,129,2025-03-24T10:55:31+00:00,successful,216
925,130,2025-03-24T15:01:05+00:00,successful,216
926,131,2025-03-24T22:52:18+00:00,successful,20
927,131,2025-04-24T02:00:00+00:00,successful,20
928,131,2025-05-24T02:00:00+00:00,successful,20
929,131,2025-06-24T02:00:00+00:00,successful,20
930,131,2025-07-24T02:00:00+00:00,successful,20
931,131,2025-08-24T02:00:00+00:00,successful,20
932,131,2025-09-24T02:00:00+00:00,successful,20
933,131,2025-10-24T02:00:00+00:00,successful,20
934,131,2025-11-24T02:00:00+00:00,successful,20
935,131,2025-12-24T02:00:00+00:00,successful,20
936,132,2025-03-25T03:08:39+00:00,successful,50
937,132,2025-04-25T02:00:00+00:00,successful,50
938,132,2025-05-25T02:00:00+00:00,successful,50
939,132,2025-06-25T02:00:00+00:00,successful,50
940,132,2025-07-25T02:00:00+00:00,successful,50
941,132,2025-08-25T02:00:00+00:00,successful,50
942,132,2025-09-25T02:00:00+00:00,successful,50
943,132,2025-10-25T02:00:00+00:00,successful,50
944,132,2025-11-25T02:00:00+00:00,successful,50
945,132,2025-12-25T02:00:00+00:00,successful,50
946,133,2025-03-25T10:29:10+00:00,successful,50
947,133,2025-04-25T02:00:00+00:00,successful,50
948,133,2025-05-25T02:00:00+00:00,successful,50
949,133,2025-06-25T02:00:00+00:00,successful,50
950,133,2025-07-25T02:00:00+00:00,successful,50
951,133,2025-08-25T02:00:00+00:00,successful,50
952,133,2025-09-25T02:00:00+00:00,successful,50
953,133,2025-10-25T02:00:00+00:00,successful,50
954,133,2025-11-25T02:00:00+00:00,successful,50
955,133,2025-12-25T02:00:00+00:00,successful,50
956,134,2025-03-25T19:08:03+00:00,successful,20
957,134,2025-04-25T02:00:00+00:00,successful,20
958,134,2025-05-25T02:00:00+00:00,successful,20
959,134,2025-06-25T02:00:00+00:00,successful,20
960,134,2025-07-25T02:00:00+00:00,successful,20
961,134,2025-08-25T02:00:00+00:00,successful,20
962,134,2025-09-25T02:00:00+00:00,successful,20
963,134,2025-10-25T02:00:00+00:00,failed,20
964,134,2025-11-25T02:00:00+00:00,successful,20
965,134,2025-12-25T02:00:00+00:00,successful,20
966,135,2025-03-25T20:38:30+00:00,successful,50
967,135,2025-04-25T02:00:00+00:00,successful,50
968,135,2025-05-25T02:00:00+00:00,successful,50
969,135,2025-06-25T02:00:00+00:00,successful,50
970,135,2025-07-25T02:00:00+00:00,successful,50
971,135,2025-08-25T02:00:00+00:00,successful,50
972,135,2025-09-25T02:00:00+00:00,successful,50
973,135,2025-10-25T02:00:00+00:00,successful,50
974,135,2025-11-25T02:00:00+00:00,successful,50
975,135,2025-12-25T02:00:00+00:00,successful,50
976,136,2025-03-25T21:39:53+00:00,successful,50
977,136,2025-04-25T02:00:00+00:00,successful,50
978,136,2025-05-25T02:00:00+00:00,successful,50
979,136,2025-06-25T02:00:00+00:00,successful,50
980,136,2025-07-25T02:00:00+00:00,successful,50
981,136,2025-08-25T02:00:00+00:00,successful,50
982,136,2025-09-25T02:00:00+00:00,successful,50
983,137,2025-03-26T18:48:58+00:00,failed,50
984,137,2025-04-26T02:00:00+00:00,successful,50
985,137,2025-05-26T02:00:00+00:00,successful,50
986,137,2025-06-26T02:00:00+00:00,failed,50
987,137,2025-07-26T02:00:00+00:00,successful,50
988,137,2025-08-26T02:00:00+00:00,successful,50
989,137,2025-09-26T02:00:00+00:00,successful,50
990,137,2025-10-26T02:00:00+00:00,successful,50
991,137,2025-11-26T02:00:00+00:00,successful,50
992,138,2025-03-27T09:30:53+00:00,successful,20
993,138,2025-04-27T02:00:00+00:00,successful,20
994,138,2025-05-27T02:00:00+00:00,successful,20
995,138,2025-06-27T02:00:00+00:00,successful,20
996,138,2025-07-27T02:00:00+00:00,successful,20
997,138,2025-08-27T02:00:00+00:00,successful,20
998,138,2025-09-27T02:00:00+00:00,successful,20
999,138,2025-10-27T02:00:00+00:00,successful,20
1000,138,2025-11-27T02:00:00+00:00,successful,20
1001,138,2025-12-27T02:00:00+00:00,successful,20
1002,139,2025-03-27T15:11:19+00:00,successful,20
1003,139,2025-04-27T02:00:00+00:00,successful,20
1004,139,2025-05-27T02:00:00+00:00,successful,20
1005,139,2025-06-27T02:00:00+00:00,successful,20
1006,139,2025-07-27T02:00:00+00:00,successful,20
1007,139,2025-08-27T02:00:00+00:00,successful,20
1008,139,2025-09-27T02:00:00+00:00,successful,20
1009,139,2025-10-27T02:00:00+00:00,successful,20
1010,139,2025-11-27T02:00:00+00:00,successful,20
1011,139,2025-12-27T02:00:00+00:00,successful,20
1012,140,2025-03-27T23:35:55+00:00,successful,20
1013,141,2025-03-27T23:50:06+00:00,successful,20
1014,141,2025-04-27T02:00:00+00:00,successful,20
1015,141,2025-05-27T02:00:00+00:00,successful,20
1016,141,2025-06-27T02:00:00+00:00,successful,20
1017,141,2025-07-27T02:00:00+00:00,successful,20
1018,141,2025-08-27T02:00:00+00:00,successful,20
1019,141,2025-09-27T02:00:00+00:00,successful,20
1020,141,2025-10-27T02:00:00+00:00,successful,20
1021,141,2025-11-27T02:00:00+00:00,failed,20
1022,141,2025-12-27T02:00:00+00:00,successful,20
1023,142,2025-03-29T02:00:00+00:00,successful,20
1024,142,2025-04-29T02:00:00+00:00,successful,20
1025,142,2025-05-29T02:00:00+00:00,successful,20
1026,142,2025-06-29T02:00:00+00:00,successful,20
1027,142,2025-07-29T02:00:00+00:00,successful,20
1028,142,2025-08-29T02:00:00+00:00,successful,20
1029,142,2025-09-29T02:00:00+00:00,successful,20
1030,142,2025-10-29T02:00:00+00:00,successful,20
1031,142,2025-11-29T02:00:00+00:00,successful,20
1032,142,2025-12-29T02:00:00+00:00,failed,20
1033,143,2025-03-29T19:55:01+00:00,successful,20
1034,143,2025-04-29T02:00:00+00:00,successful,20
1035,143,2025-05-29T02:00:00+00:00,successful,20
1036,143,2025-06-29T02:00:00+00:00,successful,20
1037,144,2025-03-30T02:00:00+00:00,successful,540
1038,145,2025-03-31T00:41:23+00:00,successful,20
1039,145,2025-04-30T02:00:00+00:00,successful,20
1040,146,2025-03-31T02:52:43+00:00,successful,216
1041,147,2025-03-31T13:00:46+00:00,successful,50
1042,147,2025-04-30T02:00:00+00:00,successful,50
1043,147,2025-05-31T02:00:00+00:00,successful,50
1044,147,2025-06-30T02:00:00+00:00,successful,50
1045,147,2025-07-31T02:00:00+00:00,successful,50
1046,147,2025-08-31T02:00:00+00:00,successful,50
1047,147,2025-09-30T02:00:00+00:00,successful,50
1048,147,2025-10-31T02:00:00+00:00,successful,50
1049,147,2025-11-30T02:00:00+00:00,successful,50
1050,147,2025-12-31T02:00:00+00:00,successful,50
1051,148,2025-04-01T21:18:24+00:00,successful,216
1052,149,2025-04-02T07:06:31+00:00,successful,20
1053,149,2025-05-02T02:00:00+00:00,successful,20
1054,149,2025-06-02T02:00:00+00:00,successful,20
1055,149,2025-07-02T02:00:00+00:00,successful,20
1056,149,2025-08-02T02:00:00+00:00,successful,20
1057,149,2025-09-02T02:00:00+00:00,successful,20
1058,149,2025-10-02T02:00:00+00:00,successful,20
1059,149,2025-11-02T02:00:00+00:00,successful,20
1060,149,2025-12-02T02:00:00+00:00,successful,20
1061,150,2025-04-03T22:39:21+00:00,successful,20
1062,150,2025-05-03T02:00:00+00:00,failed,20
1063,150,2025-06-03T02:00:00+00:00,successful,20
1064,150,2025-07-03T02:00:00+00:00,successful,20
1065,150,2025-08-03T02:00:00+00:00,successful,20
1066,150,2025-09-03T02:00:00+00:00,successful,20
1067,150,2025-10-03T02:00:00+00:00,successful,20
1068,150,2025-11-03T02:00:00+00:00,successful,20
1069,150,2025-12-03T02:00:00+00:00,successful,20
1070,151,2025-04-04T04:54:48+00:00,successful,20
1071,151,2025-05-04T02:00:00+00:00,successful,20
1072,151,2025-06-04T02:00:00+00:00,successful,20
1073,151,2025-07-04T02:00:00+00:00,successful,20
1074,151,2025-08-04T02:00:00+00:00,successful,20
1075,152,2025-04-04T10:17:08+00:00,failed,50
1076,152,2025-05-04T02:00:00+00:00,successful,50
1077,153,2025-04-04T11:13:12+00:00,successful,50
1078,154,2025-04-04T16:47:13+00:00,failed,216
1079,155,2025-04-05T02:00:00+00:00,successful,20
1080,155,2025-05-05T02:00:00+00:00,successful,20
1081,155,2025-06-05T02:00:00+00:00,successful,20
1082,155,2025-07-05T02:00:00+00:00,successful,20
1083,155,2025-08-05T02:00:00+00:00,successful,20
1084,155,2025-09-05T02:00:00+00:00,successful,20
1085,155,2025-10-05T02:00:00+00:00,successful,20
1086,155,2025-11-05T02:00:00+00:00,successful,20
1087,155,2025-12-05T02:00:00+00:00,successful,20
1088,156,2025-04-05T07:21:59+00:00,successful,20
1089,156,2025-05-05T02:00:00+00:00,successful,20
1090,156,2025-06-05T02:00:00+00:00,successful,20
1091,156,2025-07-05T02:00:00+00:00,successful,20
1092,156,2025-08-05T02:00:00+00:00,successful,20
1093,156,2025-09-05T02:00:00+00:00,successful,20
1094,156,2025-10-05T02:00:00+00:00,successful,20
1095,156,2025-11-05T02:00:00+00:00,successful,20
1096,156,2025-12-05T02:00:00+00:00,successful,20
1097,157,2025-04-06T00:54:05+00:00,successful,20
1098,157,2025-05-05T02:00:00+00:00,successful,20
1099,157,2025-06-05T02:00:00+00:00,successful,20
1100,157,2025-07-05T02:00:00+00:00,successful,20
1101,157,2025-08-05T02:00:00+00:00,successful,20
1102,157,2025-09-05T02:00:00+00:00,successful,20
1103,157,2025-10-05T02:00:00+00:00,successful,20
1104,158,2025-04-06T04:13:32+00:00,failed,20
1105,159,2025-04-07T04:02:36+00:00,successful,20
1106,159,2025-05-07T02:00:00+00:00,successful,20
1107,159,2025-06-07T02:00:00+00:00,successful,20
1108,159,2025-07-07T02:00:00+00:00,successful,20
1109,159,2025-08-07T02:00:00+00:00,successful,20
1110,159,2025-09-07T02:00:00+00:00,successful,20
1111,159,2025-10-07T02:00:00+00:00,successful,20
1112,159,2025-11-07T02:00:00+00:00,successful,20
1113,159,2025-12-07T02:00:00+00:00,successful,20
1114,160,2025-04-07T12:45:26+00:00,successful,20
1115,161,2025-04-07T19:10:41+00:00,successful,50
1116,161,2025-05-07T02:00:00+00:00,successful,50
1117,161,2025-06-07T02:00:00+00:00,successful,50
1118,161,2025-07-07T02:00:00+00:00,successful,50
1119,161,2025-08-07T02:00:00+00:00,successful,50
1120,161,2025-09-07T02:00:00+00:00,successful,50
1121,161,2025-10-07T02:00:00+00:00,successful,50
1122,161,2025-11-07T02:00:00+00:00,successful,50
1123,161,2025-12-07T02:00:00+00:00,successful,50
1124,162,2025-04-09T02:00:00+00:00,successful,20
1125,162,2025-05-09T02:00:00+00:00,successful,20
1126,162,2025-06-09T02:00:00+00:00,successful,20
1127,162,2025-07-09T02:00:00+00:00,successful,20
1128,162,2025-08-09T02:00:00+00:00,successful,20
1129,162,2025-09-09T02:00:00+00:00,successful,20
1130,162,2025-10-09T02:00:00+00:00,successful,20
1131,162,2025-11-09T02:00:00+00:00,successful,20
1132,162,2025-12-09T02:00:00+00:00,successful,20
1133,163,2025-04-09T20:12:12+00:00,successful,20
1134,163,2025-05-09T02:00:00+00:00,successful,20
1135,163,2025-06-09T02:00:00+00:00,successful,20
1136,164,2025-04-10T16:23:29+00:00,successful,20
1137,164,2025-05-10T02:00:00+00:00,successful,20
1138,164,2025-06-10T02:00:00+00:00,successful,20
1139,164,2025-07-10T02:00:00+00:00,successful,20
1140,164,2025-08-10T02:00:00+00:00,successful,20
1141,164,2025-09-10T02:00:00+00:00,successful,20
1142,164,2025-10-10T02:00:00+00:00,successful,20
1143,164,2025-11-10T02:00:00+00:00,successful,20
1144,164,2025-12-10T02:00:00+00:00,successful,20
1145,165,2025-04-11T14:22:33+00:00,successful,50
1146,165,2025-05-11T02:00:00+00:00,successful,50
1147,165,2025-06-11T02:00:00+00:00,successful,50
1148,165,2025-07-11T02:00:00+00:00,successful,50
1149,165,2025-08-11T02:00:00+00:00,successful,50
1150,165,2025-09-11T02:00:00+00:00,successful,50
1151,165,2025-10-11T02:00:00+00:00,successful,50
1152,165,2025-11-11T02:00:00+00:00,successful,50
1153,165,2025-12-11T02:00:00+00:00,successful,50
1154,166,2025-04-11T16:29:55+00:00,successful,20
1155,166,2025-05-11T02:00:00+00:00,successful,20
1156,166,2025-06-11T02:00:00+00:00,successful,20
1157,166,2025-07-11T02:00:00+00:00,successful,20
1158,166,2025-08-11T02:00:00+00:00,successful,20
1159,166,2025-09-11T02:00:00+00:00,successful,20
1160,166,2025-10-11T02:00:00+00:00,successful,20
1161,166,2025-11-11T02:00:00+00:00,successful,20
1162,166,2025-12-11T02:00:00+00:00,successful,20
1163,167,2025-04-12T08:56:13+00:00,successful,20
1164,167,2025-05-12T02:00:00+00:00,successful,20
1165,167,2025-06-12T02:00:00+00:00,successful,20
1166,167,2025-07-12T02:00:00+00:00,successful,20
1167,167,2025-08-12T02:00:00+00:00,successful,20
1168,167,2025-09-12T02:00:00+00:00,successful,20
1169,167,2025-10-12T02:00:00+00:00,successful,20
1170,167,2025-11-12T02:00:00+00:00,successful,20
1171,167,2025-12-12T02:00:00+00:00,failed,20
1172,168,2025-04-12T14:48:40+00:00,successful,20
1173,168,2025-05-12T02:00:00+00:00,successful,20
1174,168,2025-06-12T02:00:00+00:00,successful,20
1175,168,2025-07-12T02:00:00+00:00,successful,20
1176,168,2025-08-12T02:00:00+00:00,successful,20
1177,168,2025-09-12T02:00:00+00:00,successful,20
1178,168,2025-10-12T02:00:00+00:00,successful,20
1179,168,2025-11-12T02:00:00+00:00,successful,20
1180,168,2025-12-12T02:00:00+00:00,successful,20
1181,169,2025-04-13T04:44:38+00:00,successful,540
1182,170,2025-04-13T11:44:15+00:00,successful,20
1183,170,2025-05-13T02:00:00+00:00,successful,20
1184,170,2025-06-13T02:00:00+00:00,successful,20
1185,170,2025-07-13T02:00:00+00:00,successful,20
1186,170,2025-08-13T02:00:00+00:00,successful,20
1187,170,2025-09-13T02:00:00+00:00,successful,20
1188,170,2025-10-13T02:00:00+00:00,successful,20
1189,170,2025-11-13T02:00:00+00:00,successful,20
1190,170,2025-12-13T02:00:00+00:00,successful,20
1191,171,2025-04-13T12:39:01+00:00,successful,20
1192,172,2025-04-13T13:37:12+00:00,successful,20
1193,172,2025-05-13T02:00:00+00:00,successful,20
1194,172,2025-06-13T02:00:00+00:00,successful,20
1195,172,2025-07-13T02:00:00+00:00,successful,20
1196,172,2025-08-13T02:00:00+00:00,successful,20
1197,172,2025-09-13T02:00:00+00:00,successful,20
1198,172,2025-10-13T02:00:00+00:00,successful,20
1199,172,2025-11-13T02:00:00+00:00,successful,20
1200,172,2025-12-13T02:00:00+00:00,successful,20
1201,173,2025-04-13T17:37:19+00:00,successful,20
1202,173,2025-05-13T02:00:00+00:00,successful,20
1203,173,2025-06-13T02:00:00+00:00,successful,20
1204,173,2025-07-13T02:00:00+00:00,successful,20
1205,173,2025-08-13T02:00:00+00:00,successful,20
1206,173,2025-09-13T02:00:00+00:00,successful,20
1207,173,2025-10-13T02:00:00+00:00,successful,20
1208,173,2025-11-13T02:00:00+00:00,successful,20
1209,173,2025-12-13T02:00:00+00:00,successful,20
1210,174,2025-04-15T07:52:02+00:00,successful,540
1211,175,2025-04-16T02:00:00+00:00,successful,20
1212,175,2025-05-16T02:00:00+00:00,successful,20
1213,175,2025-06-16T02:00:00+00:00,successful,20
1214,175,2025-07-16T02:00:00+00:00,successful,20
1215,175,2025-08-16T02:00:00+00:00,successful,20
1216,175,2025-09-16T02:00:00+00:00,successful,20
1217,175,2025-10-16T02:00:00+00:00,successful,20
1218,175,2025-11-16T02:00:00+00:00,successful,20
1219,176,2025-04-16T19:55:17+00:00,successful,20
1220,176,2025-05-16T02:00:00+00:00,successful,20
1221,176,2025-06-16T02:00:00+00:00,successful,20
1222,176,2025-07-16T02:00:00+00:00,successful,20
1223,176,2025-08-16T02:00:00+00:00,successful,20
1224,176,2025-09-16T02:00:00+00:00,successful,20
1225,176,2025-10-16T02:00:00+00:00,successful,20
1226,176,2025-11-16T02:00:00+00:00,successful,20
1227,176,2025-12-16T02:00:00+00:00,successful,20
1228,177,2025-04-16T20:00:32+00:00,successful,20
1229,177,2025-05-16T02:00:00+00:00,successful,20
1230,177,2025-06-16T02:00:00+00:00,failed,20
1231,177,2025-07-16T02:00:00+00:00,successful,20
1232,178,2025-04-17T18:13:41+00:00,successful,20
1233,178,2025-05-17T02:00:00+00:00,successful,20
1234,178,2025-06-17T02:00:00+00:00,successful,20
1235,178,2025-07-17T02:00:00+00:00,successful,20
1236,178,2025-08-17T02:00:00+00:00,successful,20
1237,178,2025-09-17T02:00:00+00:00,successful,20
1238,178,2025-10-17T02:00:00+00:00,successful,20
1239,178,2025-11-17T02:00:00+00:00,successful,20
1240,178,2025-12-17T02:00:00+00:00,successful,20
1241,179,2025-04-18T00:40:31+00:00,successful,20
1242,179,2025-05-17T02:00:00+00:00,successful,20
1243,179,2025-06-17T02:00:00+00:00,successful,20
1244,179,2025-07-17T02:00:00+00:00,successful,20
1245,179,2025-08-17T02:00:00+00:00,successful,20
1246,179,2025-09-17T02:00:00+00:00,successful,20
1247,179,2025-10-17T02:00:00+00:00,successful,20
1248,179,2025-11-17T02:00:00+00:00,successful,20
1249,179,2025-12-17T02:00:00+00:00,successful,20
1250,180,2025-04-18T02:00:00+00:00,successful,216
1251,181,2025-04-18T05:07:02+00:00,successful,50
1252,181,2025-05-18T02:00:00+00:00,successful,50
1253,181,2025-06-18T02:00:00+00:00,successful,50
1254,181,2025-07-18T02:00:00+00:00,successful,50
1255,181,2025-08-18T02:00:00+00:00,successful,50
1256,181,2025-09-18T02:00:00+00:00,successful,50
1257,181,2025-10-18T02:00:00+00:00,successful,50
1258,181,2025-11-18T02:00:00+00:00,successful,50
1259,181,2025-12-18T02:00:00+00:00,successful,50
1260,182,2025-04-18T09:35:28+00:00,successful,20
1261,182,2025-05-18T02:00:00+00:00,successful,20
1262,182,2025-06-18T02:00:00+00:00,successful,20
1263,183,2025-04-19T04:50:18+00:00,successful,20
1264,183,2025-05-19T02:00:00+00:00,successful,20
1265,183,2025-06-19T02:00:00+00:00,successful,20
1266,183,2025-07-19T02:00:00+00:00,successful,20
1267,183,2025-08-19T02:00:00+00:00,successful,20
1268,183,2025-09-19T02:00:00+00:00,successful,20
1269,183,2025-10-19T02:00:00+00:00,successful,20
1270,183,2025-11-19T02:00:00+00:00,failed,20
1271,183,2025-12-19T02:00:00+00:00,successful,20
1272,184,2025-04-20T08:14:43+00:00,successful,50
1273,184,2025-05-20T02:00:00+00:00,successful,50
1274,184,2025-06-20T02:00:00+00:00,successful,50
1275,184,2025-07-20T02:00:00+00:00,successful,50
1276,184,2025-08-20T02:00:00+00:00,successful,50
1277,185,2025-04-20T11:32:56+00:00,successful,20
1278,185,2025-05-20T02:00:00+00:00,successful,20
1279,186,2025-04-20T16:00:30+00:00,successful,216
1280,187,2025-04-21T12:08:19+00:00,successful,216
1281,188,2025-04-22T02:00:00+00:00,successful,216
1282,189,2025-04-22T04:42:33+00:00,successful,20
1283,189,2025-05-22T02:00:00+00:00,successful,20
1284,189,2025-06-22T02:00:00+00:00,successful,20
1285,189,2025-07-22T02:00:00+00:00,successful,20
1286,189,2025-08-22T02:00:00+00:00,successful,20
1287,189,2025-09-22T02:00:00+00:00,successful,20
1288,189,2025-10-22T02:00:00+00:00,successful,20
1289,189,2025-11-22T02:00:00+00:00,successful,20
1290,189,2025-12-22T02:00:00+00:00,successful,20
1291,190,2025-04-22T09:24:15+00:00,successful,216
1292,191,2025-04-23T02:00:00+00:00,successful,20
1293,191,2025-05-23T02:00:00+00:00,successful,20
1294,191,2025-06-23T02:00:00+00:00,successful,20
1295,191,2025-07-23T02:00:00+00:00,successful,20
1296,191,2025-08-23T02:00:00+00:00,successful,20
1297,191,2025-09-23T02:00:00+00:00,successful,20
1298,191,2025-10-23T02:00:00+00:00,successful,20
1299,191,2025-11-23T02:00:00+00:00,successful,20
1300,191,2025-12-23T02:00:00+00:00,successful,20
1301,192,2025-04-23T03:18:01+00:00,successful,20
1302,192,2025-05-23T02:00:00+00:00,successful,20
1303,192,2025-06-23T02:00:00+00:00,successful,20
1304,192,2025-07-23T02:00:00+00:00,successful,20
1305,192,2025-08-23T02:00:00+00:00,successful,20
1306,192,2025-09-23T02:00:00+00:00,successful,20
1307,192,2025-10-23T02:00:00+00:00,successful,20
1308,192,2025-11-23T02:00:00+00:00,successful,20
1309,192,2025-12-23T02:00:00+00:00,successful,20
1310,193,2025-04-23T07:48:34+00:00,successful,216
1311,194,2025-04-24T05:30:58+00:00,successful,20
1312,194,2025-05-24T02:00:00+00:00,successful,20
1313,194,2025-06-24T02:00:00+00:00,successful,20
1314,194,2025-07-24T02:00:00+00:00,failed,20
1315,194,2025-08-24T02:00:00+00:00,successful,20
1316,194,2025-09-24T02:00:00+00:00,successful,20
1317,195,2025-04-24T19:02:44+00:00,successful,20
1318,195,2025-05-24T02:00:00+00:00,successful,20
1319,195,2025-06-24T02:00:00+00:00,successful,20
1320,195,2025-07-24T02:00:00+00:00,successful,20
1321,195,2025-08-24T02:00:00+00:00,successful,20
1322,195,2025-09-24T02:00:00+00:00,successful,20
1323,195,2025-10-24T02:00:00+00:00,successful,20
1324,195,2025-11-24T02:00:00+00:00,successful,20
1325,195,2025-12-24T02:00:00+00:00,successful,20
1326,196,2025-04-25T16:14:04+00:00,successful,20
1327,196,2025-05-25T02:00:00+00:00,successful,20
1328,196,2025-06-25T02:00:00+00:00,successful,20
1329,196,2025-07-25T02:00:00+00:00,successful,20
1330,196,2025-08-25T02:00:00+00:00,successful,20
1331,196,2025-09-25T02:00:00+00:00,successful,20
1332,196,2025-10-25T02:00:00+00:00,successful,20
1333,196,2025-11-25T02:00:00+00:00,successful,20
1334,196,2025-12-25T02:00:00+00:00,successful,20
1335,197,2025-04-27T02:00:00+00:00,successful,216
1336,198,2025-04-28T22:49:11+00:00,successful,20
1337,198,2025-05-28T02:00:00+00:00,successful,20
1338,198,2025-06-28T02:00:00+00:00,successful,20
1339,198,2025-07-28T02:00:00+00:00,successful,20
1340,198,2025-08-28T02:00:00+00:00,failed,20
1341,198,2025-09-28T02:00:00+00:00,successful,20
1342,198,2025-10-28T02:00:00+00:00,successful,20
1343,198,2025-11-28T02:00:00+00:00,successful,20
1344,198,2025-12-28T02:00:00+00:00,successful,20
1345,199,2025-04-30T13:36:00+00:00,successful,50
1346,199,2025-05-30T02:00:00+00:00,successful,50
1347,199,2025-06-30T02:00:00+00:00,successful,50
1348,199,2025-07-30T02:00:00+00:00,successful,50
1349,199,2025-08-30T02:00:00+00:00,successful,50
1350,199,2025-09-30T02:00:00+00:00,successful,50
1351,199,2025-10-30T02:00:00+00:00,successful,50
1352,199,2025-11-30T02:00:00+00:00,successful,50
1353,199,2025-12-30T02:00:00+00:00,successful,50
1354,200,2025-04-30T15:56:02+00:00,successful,20
1355,200,2025-05-30T02:00:00+00:00,successful,20
1356,200,2025-06-30T02:00:00+00:00,successful,20
1357,200,2025-07-30T02:00:00+00:00,successful,20
1358,200,2025-08-30T02:00:00+00:00,failed,20
1359,200,2025-09-30T02:00:00+00:00,successful,20
1360,200,2025-10-30T02:00:00+00:00,successful,20
1361,200,2025-11-30T02:00:00+00:00,successful,20
1362,200,2025-12-30T02:00:00+00:00,successful,20
1363,201,2025-05-01T04:01:29+00:00,successful,20
1364,201,2025-06-01T02:00:00+00:00,successful,20
1365,201,2025-07-01T02:00:00+00:00,failed,20
1366,201,2025-08-01T02:00:00+00:00,successful,20
1367,201,2025-09-01T02:00:00+00:00,successful,20
1368,201,2025-10-01T02:00:00+00:00,successful,20
1369,201,2025-11-01T02:00:00+00:00,successful,20
1370,201,2025-12-01T02:00:00+00:00,successful,20
1371,202,2025-05-01T12:43:22+00:00,successful,20
1372,202,2025-06-01T02:00:00+00:00,successful,20
1373,202,2025-07-01T02:00:00+00:00,successful,20
1374,202,2025-08-01T02:00:00+00:00,failed,20
1375,202,2025-09-01T02:00:00+00:00,successful,20
1376,202,2025-10-01T02:00:00+00:00,successful,20
1377,202,2025-11-01T02:00:00+00:00,successful,20
1378,202,2025-12-01T02:00:00+00:00,successful,20
1379,203,2025-05-01T19:33:07+00:00,successful,50
1380,204,2025-05-01T21:32:24+00:00,successful,20
1381,204,2025-06-01T02:00:00+00:00,successful,20
1382,204,2025-07-01T02:00:00+00:00,successful,20
1383,204,2025-08-01T02:00:00+00:00,successful,20
1384,204,2025-09-01T02:00:00+00:00,successful,20
1385,205,2025-05-02T05:55:16+00:00,successful,216
1386,206,2025-05-02T18:12:46+00:00,successful,20
1387,206,2025-06-02T02:00:00+00:00,successful,20
1388,206,2025-07-02T02:00:00+00:00,successful,20
1389,206,2025-08-02T02:00:00+00:00,successful,20
1390,206,2025-09-02T02:00:00+00:00,successful,20
1391,206,2025-10-02T02:00:00+00:00,successful,20
1392,206,2025-11-02T02:00:00+00:00,successful,20
1393,206,2025-12-02T02:00:00+00:00,successful,20
1394,207,2025-05-03T02:00:00+00:00,successful,50
1395,208,2025-05-03T09:25:23+00:00,successful,216
1396,209,2025-05-04T18:00:41+00:00,successful,50
1397,209,2025-06-04T02:00:00+00:00,successful,50
1398,209,2025-07-04T02:00:00+00:00,successful,50
1399,209,2025-08-04T02:00:00+00:00,successful,50
1400,209,2025-09-04T02:00:00+00:00,successful,50
1401,209,2025-10-04T02:00:00+00:00,successful,50
1402,209,2025-11-04T02:00:00+00:00,successful,50
1403,209,2025-12-04T02:00:00+00:00,successful,50
1404,210,2025-05-05T03:41:59+00:00,failed,20
1405,210,2025-06-05T02:00:00+00:00,successful,20
1406,210,2025-07-05T02:00:00+00:00,successful,20
1407,210,2025-08-05T02:00:00+00:00,successful,20
1408,210,2025-09-05T02:00:00+00:00,successful,20
1409,210,2025-10-05T02:00:00+00:00,successful,20
1410,210,2025-11-05T02:00:00+00:00,successful,20
1411,210,2025-12-05T02:00:00+00:00,successful,20
1412,211,2025-05-05T07:44:43+00:00,successful,20
1413,211,2025-06-05T02:00:00+00:00,successful,20
1414,211,2025-07-05T02:00:00+00:00,successful,20
1415,211,2025-08-05T02:00:00+00:00,successful,20
1416,211,2025-09-05T02:00:00+00:00,successful,20
1417,211,2025-10-05T02:00:00+00:00,successful,20
1418,211,2025-11-05T02:00:00+00:00,successful,20
1419,211,2025-12-05T02:00:00+00:00,failed,20
1420,212,2025-05-06T04:23:45+00:00,successful,20
1421,212,2025-06-06T02:00:00+00:00,successful,20
1422,212,2025-07-06T02:00:00+00:00,successful,20
1423,212,2025-08-06T02:00:00+00:00,successful,20
1424,212,2025-09-06T02:00:00+00:00,failed,20
1425,212,2025-10-06T02:00:00+00:00,successful,20
1426,212,2025-11-06T02:00:00+00:00,successful,20
1427,212,2025-12-06T02:00:00+00:00,successful,20
1428,213,2025-05-06T05:40:32+00:00,successful,20
1429,213,2025-06-06T02:00:00+00:00,successful,20
1430,213,2025-07-06T02:00:00+00:00,successful,20
1431,213,2025-08-06T02:00:00+00:00,successful,20
1432,213,2025-09-06T02:00:00+00:00,successful,20
1433,213,2025-10-06T02:00:00+00:00,successful,20
1434,214,2025-05-07T11:01:09+00:00,failed,20
1435,214,2025-06-07T02:00:00+00:00,successful,20
1436,214,2025-07-07T02:00:00+00:00,successful,20
1437,214,2025-08-07T02:00:00+00:00,successful,20
1438,215,2025-05-07T15:47:49+00:00,successful,20
1439,215,2025-06-07T02:00:00+00:00,successful,20
1440,215,2025-07-07T02:00:00+00:00,successful,20
1441,215,2025-08-07T02:00:00+00:00,successful,20
1442,215,2025-09-07T02:00:00+00:00,successful,20
1443,215,2025-10-07T02:00:00+00:00,successful,20
1444,215,2025-11-07T02:00:00+00:00,successful,20
1445,216,2025-05-07T19:17:11+00:00,successful,20
1446,217,2025-05-07T23:51:20+00:00,successful,50
1447,217,2025-06-07T02:00:00+00:00,successful,50
1448,217,2025-07-07T02:00:00+00:00,successful,50
1449,217,2025-08-07T02:00:00+00:00,successful,50
1450,217,2025-09-07T02:00:00+00:00,successful,50
1451,217,2025-10-07T02:00:00+00:00,successful,50
1452,217,2025-11-07T02:00:00+00:00,successful,50
1453,217,2025-12-07T02:00:00+00:00,successful,50
1454,218,2025-05-08T03:32:41+00:00,successful,50
1455,218,2025-06-08T02:00:00+00:00,successful,50
1456,218,2025-07-08T02:00:00+00:00,successful,50
1457,218,2025-08-08T02:00:00+00:00,successful,50
1458,218,2025-09-08T02:00:00+00:00,successful,50
1459,218,2025-10-08T02:00:00+00:00,successful,50
1460,218,2025-11-08T02:00:00+00:00,successful,50
1461,218,2025-12-08T02:00:00+00:00,successful,50
1462,219,2025-05-09T12:28:28+00:00,successful,20
1463,219,2025-06-09T02:00:00+00:00,successful,20
1464,219,2025-07-09T02:00:00+00:00,successful,20
1465,220,2025-05-09T12:52:29+00:00,successful,20
1466,220,2025-06-09T02:00:00+00:00,successful,20
1467,220,2025-07-09T02:00:00+00:00,successful,20
1468,220,2025-08-09T02:00:00+00:00,successful,20
1469,220,2025-09-09T02:00:00+00:00,successful,20
1470,220,2025-10-09T02:00:00+00:00,successful,20
1471,220,2025-11-09T02:00:00+00:00,failed,20
1472,220,2025-12-09T02:00:00+00:00,failed,20
1473,221,2025-05-09T13:22:42+00:00,successful,50
1474,221,2025-06-09T02:00:00+00:00,successful,50
1475,221,2025-07-09T02:00:00+00:00,successful,50
1476,221,2025-08-09T02:00:00+00:00,successful,50
1477,221,2025-09-09T02:00:00+00:00,successful,50
1478,221,2025-10-09T02:00:00+00:00,successful,50
1479,221,2025-11-09T02:00:00+00:00,successful,50
1480,221,2025-12-09T02:00:00+00:00,successful,50
1481,222,2025-05-09T23:39:31+00:00,successful,20
1482,222,2025-06-09T02:00:00+00:00,successful,20
1483,222,2025-07-09T02:00:00+00:00,successful,20
1484,222,2025-08-09T02:00:00+00:00,successful,20
1485,222,2025-09-09T02:00:00+00:00,successful,20
1486,222,2025-10-09T02:00:00+00:00,successful,20
1487,222,2025-11-09T02:00:00+00:00,successful,20
1488,222,2025-12-09T02:00:00+00:00,successful,20
1489,223,2025-05-10T02:00:00+00:00,successful,50
1490,223,2025-06-10T02:00:00+00:00,successful,50
1491,223,2025-07-10T02:00:00+00:00,successful,50
1492,223,2025-08-10T02:00:00+00:00,successful,50
1493,223,2025-09-10T02:00:00+00:00,successful,50
1494,223,2025-10-10T02:00:00+00:00,successful,50
1495,223,2025-11-10T02:00:00+00:00,successful,50
1496,223,2025-12-10T02:00:00+00:00,successful,50
1497,224,2025-05-10T15:24:25+00:00,successful,20
1498,224,2025-06-10T02:00:00+00:00,successful,20
1499,224,2025-07-10T02:00:00+00:00,successful,20
1500,224,2025-08-10T02:00:00+00:00,successful,20
1501,224,2025-09-10T02:00:00+00:00,successful,20
1502,224,2025-10-10T02:00:00+00:00,successful,20
1503,224,2025-11-10T02:00:00+00:00,successful,20
1504,225,2025-05-10T20:42:44+00:00,successful,20
1505,225,2025-06-10T02:00:00+00:00,successful,20
1506,225,2025-07-10T02:00:00+00:00,failed,20
1507,225,2025-08-10T02:00:00+00:00,successful,20
1508,225,2025-09-10T02:00:00+00:00,successful,20
1509,225,2025-10-10T02:00:00+00:00,successful,20
1510,225,2025-11-10T02:00:00+00:00,successful,20
1511,225,2025-12-10T02:00:00+00:00,successful,20
1512,226,2025-05-11T09:06:04+00:00,successful,20
1513,226,2025-06-11T02:00:00+00:00,successful,20
1514,226,2025-07-11T02:00:00+00:00,successful,20
1515,226,2025-08-11T02:00:00+00:00,successful,20
1516,226,2025-09-11T02:00:00+00:00,successful,20
1517,226,2025-10-11T02:00:00+00:00,successful,20
1518,226,2025-11-11T02:00:00+00:00,failed,20
1519,226,2025-12-11T02:00:00+00:00,successful,20
1520,227,2025-05-11T12:57:28+00:00,successful,50
1521,227,2025-06-11T02:00:00+00:00,failed,50
1522,227,2025-07-11T02:00:00+00:00,successful,50
1523,227,2025-08-11T02:00:00+00:00,successful,50
1524,227,2025-09-11T02:00:00+00:00,successful,50
1525,227,2025-10-11T02:00:00+00:00,successful,50
1526,227,2025-11-11T02:00:00+00:00,successful,50
1527,227,2025-12-11T02:00:00+00:00,successful,50
1528,228,2025-05-11T18:03:00+00:00,successful,20
1529,229,2025-05-12T02:00:00+00:00,successful,50
1530,229,2025-06-12T02:00:00+00:00,successful,50
1531,229,2025-07-12T02:00:00+00:00,successful,50
1532,229,2025-08-12T02:00:00+00:00,successful,50
1533,229,2025-09-12T02:00:00+00:00,successful,50
1534,229,2025-10-12T02:00:00+00:00,failed,50
1535,229,2025-11-12T02:00:00+00:00,successful,50
1536,229,2025-12-12T02:00:00+00:00,successful,50
1537,230,2025-05-12T12:31:50+00:00,successful,20
1538,230,2025-06-12T02:00:00+00:00,successful,20
1539,230,2025-07-12T02:00:00+00:00,successful,20
1540,230,2025-08-12T02:00:00+00:00,successful,20
1541,230,2025-09-12T02:00:00+00:00,successful,20
1542,230,2025-10-12T02:00:00+00:00,successful,20
1543,230,2025-11-12T02:00:00+00:00,successful,20
1544,230,2025-12-12T02:00:00+00:00,successful,20
1545,231,2025-05-12T16:38:28+00:00,successful,20
1546,231,2025-06-12T02:00:00+00:00,successful,20
1547,231,2025-07-12T02:00:00+00:00,failed,20
1548,231,2025-08-12T02:00:00+00:00,successful,20
1549,231,2025-09-12T02:00:00+00:00,successful,20
1550,232,2025-05-13T07:26:35+00:00,successful,50
1551,232,2025-06-13T02:00:00+00:00,successful,50
1552,232,2025-07-13T02:00:00+00:00,failed,50
1553,232,2025-08-13T02:00:00+00:00,successful,50
1554,232,2025-09-13T02:00:00+00:00,successful,50
1555,232,2025-10-13T02:00:00+00:00,successful,50
1556,232,2025-11-13T02:00:00+00:00,successful,50
1557,232,2025-12-13T02:00:00+00:00,successful,50
1558,233,2025-05-13T14:38:58+00:00,successful,20
1559,233,2025-06-13T02:00:00+00:00,successful,20
1560,233,2025-07-13T02:00:00+00:00,successful,20
1561,233,2025-08-13T02:00:00+00:00,successful,20
1562,233,2025-09-13T02:00:00+00:00,successful,20
1563,233,2025-10-13T02:00:00+00:00,successful,20
1564,233,2025-11-13T02:00:00+00:00,successful,20
1565,233,2025-12-13T02:00:00+00:00,successful,20
1566,234,2025-05-14T05:16:30+00:00,successful,20
1567,234,2025-06-14T02:00:00+00:00,successful,20
1568,234,2025-07-14T02:00:00+00:00,successful,20
1569,234,2025-08-14T02:00:00+00:00,successful,20
1570,234,2025-09-14T02:00:00+00:00,successful,20
1571,234,2025-10-14T02:00:00+00:00,successful,20
1572,234,2025-11-14T02:00:00+00:00,successful,20
1573,234,2025-12-14T02:00:00+00:00,successful,20
1574,235,2025-05-14T04:46:59+00:00,successful,216
1575,236,2025-05-14T10:58:38+00:00,successful,20
1576,236,2025-06-14T02:00:00+00:00,successful,20
1577,237,2025-05-14T11:11:09+00:00,successful,216
1578,238,2025-05-14T13:15:10+00:00,successful,20
1579,239,2025-05-14T20:41:05+00:00,successful,20
1580,239,2025-06-14T02:00:00+00:00,successful,20
1581,239,2025-07-14T02:00:00+00:00,successful,20
1582,239,2025-08-14T02:00:00+00:00,successful,20
1583,239,2025-09-14T02:00:00+00:00,successful,20
1584,239,2025-10-14T02:00:00+00:00,successful,20
1585,239,2025-11-14T02:00:00+00:00,successful,20
1586,239,2025-12-14T02:00:00+00:00,successful,20
1587,240,2025-05-14T23:08:48+00:00,successful,20
1588,240,2025-06-14T02:00:00+00:00,successful,20
1589,240,2025-07-14T02:00:00+00:00,successful,20
1590,240,2025-08-14T02:00:00+00:00,successful,20
1591,240,2025-09-14T02:00:00+00:00,successful,20
1592,240,2025-10-14T02:00:00+00:00,successful,20
1593,240,2025-11-14T02:00:00+00:00,successful,20
1594,240,2025-12-14T02:00:00+00:00,successful,20
1595,241,2025-05-15T04:06:48+00:00,successful,20
1596,241,2025-06-15T02:00:00+00:00,successful,20
1597,241,2025-07-15T02:00:00+00:00,successful,20
1598,241,2025-08-15T02:00:00+00:00,successful,20
1599,241,2025-09-15T02:00:00+00:00,successful,20
1600,241,2025-10-15T02:00:00+00:00,successful,20
1601,241,2025-11-15T02:00:00+00:00,successful,20
1602,241,2025-12-15T02:00:00+00:00,successful,20
1603,242,2025-05-15T10:43:41+00:00,successful,20
1604,242,2025-06-15T02:00:00+00:00,successful,20
1605,242,2025-07-15T02:00:00+00:00,successful,20
1606,242,2025-08-15T02:00:00+00:00,successful,20
1607,242,2025-09-15T02:00:00+00:00,successful,20
1608,242,2025-10-15T02:00:00+00:00,successful,20
1609,243,2025-05-17T02:00:00+00:00,successful,20
1610,243,2025-06-17T02:00:00+00:00,successful,20
1611,243,2025-07-17T02:00:00+00:00,failed,20
1612,243,2025-08-17T02:00:00+00:00,successful,20
1613,243,2025-09-17T02:00:00+00:00,successful,20
1614,243,2025-10-17T02:00:00+00:00,successful,20
1615,243,2025-11-17T02:00:00+00:00,successful,20
1616,243,2025-12-17T02:00:00+00:00,successful,20
1617,244,2025-05-17T09:10:46+00:00,successful,20
1618,244,2025-06-17T02:00:00+00:00,successful,20
1619,244,2025-07-17T02:00:00+00:00,successful,20
1620,245,2025-05-17T13:40:59+00:00,successful,20
1621,245,2025-06-17T02:00:00+00:00,successful,20
1622,245,2025-07-17T02:00:00+00:00,successful,20
1623,245,2025-08-17T02:00:00+00:00,successful,20
1624,245,2025-09-17T02:00:00+00:00,successful,20
1625,245,2025-10-17T02:00:00+00:00,successful,20
1626,245,2025-11-17T02:00:00+00:00,successful,20
1627,245,2025-12-17T02:00:00+00:00,successful,20
1628,246,2025-05-17T18:20:49+00:00,successful,50
1629,246,2025-06-17T02:00:00+00:00,successful,50
1630,246,2025-07-17T02:00:00+00:00,successful,50
1631,246,2025-08-17T02:00:00+00:00,successful,50
1632,246,2025-09-17T02:00:00+00:00,successful,50
1633,246,2025-10-17T02:00:00+00:00,successful,50
1634,246,2025-11-17T02:00:00+00:00,successful,50
1635,246,2025-12-17T02:00:00+00:00,successful,50
1636,247,2025-05-18T02:23:42+00:00,successful,216
1637,248,2025-05-18T10:58:22+00:00,successful,20
1638,248,2025-06-18T02:00:00+00:00,successful,20
1639,248,2025-07-18T02:00:00+00:00,successful,20
1640,248,2025-08-18T02:00:00+00:00,successful,20
1641,248,2025-09-18T02:00:00+00:00,successful,20
1642,248,2025-10-18T02:00:00+00:00,successful,20
1643,248,2025-11-18T02:00:00+00:00,successful,20
1644,248,2025-12-18T02:00:00+00:00,successful,20
1645,249,2025-05-18T18:05:19+00:00,successful,20
1646,249,2025-06-18T02:00:00+00:00,successful,20
1647,249,2025-07-18T02:00:00+00:00,successful,20
1648,249,2025-08-18T02:00:00+00:00,failed,20
1649,249,2025-09-18T02:00:00+00:00,successful,20
1650,249,2025-10-18T02:00:00+00:00,successful,20
1651,249,2025-11-18T02:00:00+00:00,successful,20
1652,249,2025-12-18T02:00:00+00:00,successful,20
1653,250,2025-05-19T08:14:16+00:00,successful,20
1654,250,2025-06-19T02:00:00+00:00,successful,20
1655,250,2025-07-19T02:00:00+00:00,successful,20
1656,250,2025-08-19T02:00:00+00:00,successful,20
1657,250,2025-09-19T02:00:00+00:00,successful,20
1658,250,2025-10-19T02:00:00+00:00,failed,20
1659,250,2025-11-19T02:00:00+00:00,successful,20
1660,250,2025-12-19T02:00:00+00:00,successful,20
1661,251,2025-05-19T13:05:49+00:00,successful,20
1662,251,2025-06-19T02:00:00+00:00,successful,20
1663,251,2025-07-19T02:00:00+00:00,successful,20
1664,251,2025-08-19T02:00:00+00:00,successful,20
1665,251,2025-09-19T02:00:00+00:00,successful,20
1666,251,2025-10-19T02:00:00+00:00,successful,20
1667,251,2025-11-19T02:00:00+00:00,successful,20
1668,251,2025-12-19T02:00:00+00:00,successful,20
1669,252,2025-05-19T20:22:59+00:00,successful,20
1670,252,2025-06-19T02:00:00+00:00,successful,20
1671,252,2025-07-19T02:00:00+00:00,successful,20
1672,252,2025-08-19T02:00:00+00:00,successful,20
1673,252,2025-09-19T02:00:00+00:00,successful,20
1674,252,2025-10-19T02:00:00+00:00,successful,20
1675,252,2025-11-19T02:00:00+00:00,successful,20
1676,253,2025-05-20T09:20:58+00:00,successful,20
1677,253,2025-06-20T02:00:00+00:00,successful,20
1678,253,2025-07-20T02:00:00+00:00,successful,20
1679,253,2025-08-20T02:00:00+00:00,successful,20
1680,253,2025-09-20T02:00:00+00:00,successful,20
1681,253,2025-10-20T02:00:00+00:00,successful,20
1682,253,2025-11-20T02:00:00+00:00,successful,20
1683,253,2025-12-20T02:00:00+00:00,successful,20
1684,254,2025-05-20T19:33:50+00:00,successful,20
1685,254,2025-06-20T02:00:00+00:00,successful,20
1686,254,2025-07-20T02:00:00+00:00,successful,20
1687,254,2025-08-20T02:00:00+00:00,successful,20
1688,254,2025-09-20T02:00:00+00:00,successful,20
1689,254,2025-10-20T02:00:00+00:00,successful,20
1690,254,2025-11-20T02:00:00+00:00,successful,20
1691,254,2025-12-20T02:00:00+00:00,successful,20
1692,255,2025-05-20T21:25:17+00:00,successful,20
1693,255,2025-06-20T02:00:00+00:00,successful,20
1694,255,2025-07-20T02:00:00+00:00,successful,20
1695,255,2025-08-20T02:00:00+00:00,successful,20
1696,255,2025-09-20T02:00:00+00:00,successful,20
1697,255,2025-10-20T02:00:00+00:00,successful,20
1698,255,2025-11-20T02:00:00+00:00,successful,20
1699,255,2025-12-20T02:00:00+00:00,successful,20
1700,256,2025-05-21T02:00:00+00:00,successful,20
1701,256,2025-06-21T02:00:00+00:00,successful,20
1702,256,2025-07-21T02:00:00+00:00,successful,20
1703,256,2025-08-21T02:00:00+00:00,successful,20
1704,256,2025-09-21T02:00:00+00:00,successful,20
1705,256,2025-10-21T02:00:00+00:00,failed,20
1706,256,2025-11-21T02:00:00+00:00,successful,20
1707,256,2025-12-21T02:00:00+00:00,successful,20
1708,257,2025-05-21T09:01:24+00:00,successful,216
1709,258,2025-05-21T12:48:37+00:00,successful,50
1710,258,2025-06-21T02:00:00+00:00,successful,50
1711,258,2025-07-21T02:00:00+00:00,successful,50
1712,258,2025-08-21T02:00:00+00:00,successful,50
1713,258,2025-09-21T02:00:00+00:00,successful,50
1714,258,2025-10-21T02:00:00+00:00,successful,50
1715,258,2025-11-21T02:00:00+00:00,successful,50
1716,258,2025-12-21T02:00:00+00:00,successful,50
1717,259,2025-05-22T04:41:53+00:00,successful,20
1718,259,2025-06-22T02:00:00+00:00,successful,20
1719,259,2025-07-22T02:00:00+00:00,successful,20
1720,259,2025-08-22T02:00:00+00:00,failed,20
1721,259,2025-09-22T02:00:00+00:00,successful,20
1722,259,2025-10-22T02:00:00+00:00,successful,20
1723,259,2025-11-22T02:00:00+00:00,successful,20
1724,259,2025-12-22T02:00:00+00:00,successful,20
1725,260,2025-05-22T11:21:23+00:00,successful,20
1726,260,2025-06-22T02:00:00+00:00,successful,20
1727,260,2025-07-22T02:00:00+00:00,successful,20
1728,260,2025-08-22T02:00:00+00:00,successful,20
1729,260,2025-09-22T02:00:00+00:00,successful,20
1730,260,2025-10-22T02:00:00+00:00,successful,20
1731,260,2025-11-22T02:00:00+00:00,successful,20
1732,260,2025-12-22T02:00:00+00:00,successful,20
1733,261,2025-05-22T11:27:47+00:00,successful,20
1734,261,2025-06-22T02:00:00+00:00,successful,20
1735,261,2025-07-22T02:00:00+00:00,successful,20
1736,261,2025-08-22T02:00:00+00:00,successful,20
1737,261,2025-09-22T02:00:00+00:00,successful,20
1738,261,2025-10-22T02:00:00+00:00,successful,20
1739,261,2025-11-22T02:00:00+00:00,successful,20
1740,261,2025-12-22T02:00:00+00:00,successful,20
1741,262,2025-05-22T10:55:55+00:00,successful,540
1742,263,2025-05-23T00:35:55+00:00,successful,20
1743,263,2025-06-22T02:00:00+00:00,successful,20
1744,263,2025-07-22T02:00:00+00:00,successful,20
1745,263,2025-08-22T02:00:00+00:00,successful,20
1746,263,2025-09-22T02:00:00+00:00,failed,20
1747,263,2025-10-22T02:00:00+00:00,successful,20
1748,263,2025-11-22T02:00:00+00:00,successful,20
1749,264,2025-05-23T21:19:12+00:00,successful,20
1750,264,2025-06-23T02:00:00+00:00,successful,20
1751,264,2025-07-23T02:00:00+00:00,successful,20
1752,264,2025-08-23T02:00:00+00:00,successful,20
1753,264,2025-09-23T02:00:00+00:00,successful,20
1754,264,2025-10-23T02:00:00+00:00,successful,20
1755,264,2025-11-23T02:00:00+00:00,failed,20
1756,264,2025-12-23T02:00:00+00:00,successful,20
1757,265,2025-05-24T00:05:13+00:00,successful,20
1758,265,2025-06-23T02:00:00+00:00,successful,20
1759,265,2025-07-23T02:00:00+00:00,successful,20
1760,265,2025-08-23T02:00:00+00:00,successful,20
1761,265,2025-09-23T02:00:00+00:00,successful,20
1762,265,2025-10-23T02:00:00+00:00,successful,20
1763,265,2025-11-23T02:00:00+00:00,successful,20
1764,265,2025-12-23T02:00:00+00:00,successful,20
1765,266,2025-05-24T02:00:00+00:00,successful,20
1766,266,2025-06-24T02:00:00+00:00,successful,20
1767,267,2025-05-24T02:00:00+00:00,failed,50
1768,267,2025-06-24T02:00:00+00:00,successful,50
1769,267,2025-07-24T02:00:00+00:00,successful,50
1770,267,2025-08-24T02:00:00+00:00,successful,50
1771,267,2025-09-24T02:00:00+00:00,successful,50
1772,267,2025-10-24T02:00:00+00:00,successful,50
1773,267,2025-11-24T02:00:00+00:00,successful,50
1774,267,2025-12-24T02:00:00+00:00,successful,50
1775,268,2025-05-24T02:10:24+00:00,successful,216
1776,269,2025-05-24T18:51:36+00:00,successful,216
1777,270,2025-05-24T23:36:06+00:00,successful,50
1778,270,2025-06-24T02:00:00+00:00,successful,50
1779,270,2025-07-24T02:00:00+00:00,failed,50
1780,270,2025-08-24T02:00:00+00:00,successful,50
1781,270,2025-09-24T02:00:00+00:00,successful,50
1782,270,2025-10-24T02:00:00+00:00,successful,50
1783,270,2025-11-24T02:00:00+00:00,successful,50
1784,270,2025-12-24T02:00:00+00:00,successful,50
1785,271,2025-05-25T06:18:43+00:00,successful,20
1786,271,2025-06-25T02:00:00+00:00,failed,20
1787,271,2025-07-25T02:00:00+00:00,successful,20
1788,271,2025-08-25T02:00:00+00:00,successful,20
1789,271,2025-09-25T02:00:00+00:00,successful,20
1790,272,2025-05-25T17:55:23+00:00,successful,20
1791,272,2025-06-25T02:00:00+00:00,successful,20
1792,272,2025-07-25T02:00:00+00:00,successful,20
1793,272,2025-08-25T02:00:00+00:00,successful,20
1794,273,2025-05-26T12:06:14+00:00,successful,216
1795,274,2025-05-26T22:08:52+00:00,successful,540
1796,275,2025-05-26T23:39:17+00:00,successful,20
1797,275,2025-06-26T02:00:00+00:00,successful,20
1798,275,2025-07-26T02:00:00+00:00,successful,20
1799,275,2025-08-26T02:00:00+00:00,successful,20
1800,275,2025-09-26T02:00:00+00:00,successful,20
1801,275,2025-10-26T02:00:00+00:00,successful,20
1802,275,2025-11-26T02:00:00+00:00,successful,20
1803,275,2025-12-26T02:00:00+00:00,successful,20
1804,276,2025-05-27T02:00:00+00:00,successful,20
1805,276,2025-06-27T02:00:00+00:00,successful,20
1806,276,2025-07-27T02:00:00+00:00,successful,20
1807,276,2025-08-27T02:00:00+00:00,successful,20
1808,276,2025-09-27T02:00:00+00:00,successful,20
1809,276,2025-10-27T02:00:00+00:00,successful,20
1810,276,2025-11-27T02:00:00+00:00,successful,20
1811,276,2025-12-27T02:00:00+00:00,successful,20
1812,277,2025-05-27T07:45:21+00:00,successful,50
1813,277,2025-06-27T02:00:00+00:00,successful,50
1814,277,2025-07-27T02:00:00+00:00,successful,50
1815,277,2025-08-27T02:00:00+00:00,successful,50
1816,277,2025-09-27T02:00:00+00:00,successful,50
1817,277,2025-10-27T02:00:00+00:00,successful,50
1818,277,2025-11-27T02:00:00+00:00,successful,50
1819,277,2025-12-27T02:00:00+00:00,successful,50
1820,278,2025-05-27T23:56:47+00:00,successful,20
1821,278,2025-06-27T02:00:00+00:00,successful,20
1822,278,2025-07-27T02:00:00+00:00,successful,20
1823,278,2025-08-27T02:00:00+00:00,successful,20
1824,278,2025-09-27T02:00:00+00:00,successful,20
1825,278,2025-10-27T02:00:00+00:00,successful,20
1826,278,2025-11-27T02:00:00+00:00,successful,20
1827,278,2025-12-27T02:00:00+00:00,successful,20
1828,279,2025-05-28T09:33:29+00:00,successful,50
1829,279,2025-06-28T02:00:00+00:00,successful,50
1830,279,2025-07-28T02:00:00+00:00,successful,50
1831,279,2025-08-28T02:00:00+00:00,successful,50
1832,279,2025-09-28T02:00:00+00:00,successful,50
1833,279,2025-10-28T02:00:00+00:00,successful,50
1834,279,2025-11-28T02:00:00+00:00,successful,50
1835,279,2025-12-28T02:00:00+00:00,successful,50
1836,280,2025-05-28T15:21:35+00:00,successful,50
1837,280,2025-06-28T02:00:00+00:00,successful,50
1838,280,2025-07-28T02:00:00+00:00,successful,50
1839,280,2025-08-28T02:00:00+00:00,successful,50
1840,280,2025-09-28T02:00:00+00:00,successful,50
1841,280,2025-10-28T02:00:00+00:00,successful,50
1842,280,2025-11-28T02:00:00+00:00,successful,50
1843,280,2025-12-28T02:00:00+00:00,successful,50
1844,281,2025-05-28T18:01:22+00:00,successful,216
1845,282,2025-05-28T20:30:45+00:00,failed,20
1846,282,2025-06-28T02:00:00+00:00,successful,20
1847,282,2025-07-28T02:00:00+00:00,successful,20
1848,282,2025-08-28T02:00:00+00:00,successful,20
1849,282,2025-09-28T02:00:00+00:00,successful,20
1850,282,2025-10-28T02:00:00+00:00,successful,20
1851,282,2025-11-28T02:00:00+00:00,successful,20
1852,282,2025-12-28T02:00:00+00:00,successful,20
1853,283,2025-05-29T13:52:04+00:00,successful,20
1854,283,2025-06-29T02:00:00+00:00,successful,20
1855,283,2025-07-29T02:00:00+00:00,successful,20
1856,283,2025-08-29T02:00:00+00:00,successful,20
1857,283,2025-09-29T02:00:00+00:00,successful,20
1858,283,2025-10-29T02:00:00+00:00,successful,20
1859,283,2025-11-29T02:00:00+00:00,successful,20
1860,283,2025-12-29T02:00:00+00:00,successful,20
1861,284,2025-05-29T18:57:21+00:00,successful,50
1862,284,2025-06-29T02:00:00+00:00,successful,50
1863,284,2025-07-29T02:00:00+00:00,successful,50
1864,284,2025-08-29T02:00:00+00:00,successful,50
1865,284,2025-09-29T02:00:00+00:00,successful,50
1866,284,2025-10-29T02:00:00+00:00,successful,50
1867,284,2025-11-29T02:00:00+00:00,successful,50
1868,284,2025-12-29T02:00:00+00:00,successful,50
1869,285,2025-05-31T20:17:56+00:00,successful,20
1870,285,2025-06-30T02:00:00+00:00,successful,20
1871,286,2025-06-02T05:08:12+00:00,successful,20
1872,286,2025-07-02T02:00:00+00:00,successful,20
1873,286,2025-08-02T02:00:00+00:00,successful,20
1874,286,2025-09-02T02:00:00+00:00,successful,20
1875,286,2025-10-02T02:00:00+00:00,successful,20
1876,286,2025-11-02T02:00:00+00:00,successful,20
1877,286,2025-12-02T02:00:00+00:00,successful,20
1878,287,2025-06-03T07:32:18+00:00,successful,216
1879,288,2025-06-04T06:55:02+00:00,successful,20
1880,288,2025-07-04T02:00:00+00:00,successful,20
1881,288,2025-08-04T02:00:00+00:00,successful,20
1882,288,2025-09-04T02:00:00+00:00,successful,20
1883,288,2025-10-04T02:00:00+00:00,successful,20
1884,289,2025-06-04T16:03:55+00:00,successful,20
1885,290,2025-06-05T06:11:14+00:00,successful,20
1886,290,2025-07-05T02:00:00+00:00,successful,20
1887,290,2025-08-05T02:00:00+00:00,successful,20
1888,290,2025-09-05T02:00:00+00:00,successful,20
1889,290,2025-10-05T02:00:00+00:00,successful,20
1890,290,2025-11-05T02:00:00+00:00,successful,20
1891,290,2025-12-05T02:00:00+00:00,successful,20
1892,291,2025-06-05T09:23:56+00:00,successful,50
1893,291,2025-07-05T02:00:00+00:00,successful,50
1894,291,2025-08-05T02:00:00+00:00,successful,50
1895,291,2025-09-05T02:00:00+00:00,successful,50
1896,291,2025-10-05T02:00:00+00:00,successful,50
1897,291,2025-11-05T02:00:00+00:00,successful,50
1898,291,2025-12-05T02:00:00+00:00,successful,50
1899,292,2025-06-05T15:53:41+00:00,successful,20
1900,292,2025-07-05T02:00:00+00:00,successful,20
1901,292,2025-08-05T02:00:00+00:00,successful,20
1902,292,2025-09-05T02:00:00+00:00,successful,20
1903,292,2025-10-05T02:00:00+00:00,successful,20
1904,292,2025-11-05T02:00:00+00:00,successful,20
1905,292,2025-12-05T02:00:00+00:00,successful,20
1906,293,2025-06-06T03:52:02+00:00,successful,20
1907,293,2025-07-06T02:00:00+00:00,successful,20
1908,293,2025-08-06T02:00:00+00:00,successful,20
1909,293,2025-09-06T02:00:00+00:00,successful,20
1910,293,2025-10-06T02:00:00+00:00,successful,20
1911,293,2025-11-06T02:00:00+00:00,successful,20
1912,293,2025-12-06T02:00:00+00:00,successful,20
1913,294,2025-06-06T05:18:07+00:00,successful,20
1914,294,2025-07-06T02:00:00+00:00,successful,20
1915,294,2025-08-06T02:00:00+00:00,successful,20
1916,294,2025-09-06T02:00:00+00:00,successful,20
1917,294,2025-10-06T02:00:00+00:00,successful,20
1918,294,2025-11-06T02:00:00+00:00,successful,20
1919,295,2025-06-06T18:13:36+00:00,successful,216
1920,296,2025-06-06T20:43:05+00:00,successful,540
1921,297,2025-06-06T22:56:35+00:00,successful,20
1922,297,2025-07-06T02:00:00+00:00,successful,20
1923,297,2025-08-06T02:00:00+00:00,successful,20
1924,297,2025-09-06T02:00:00+00:00,successful,20
1925,297,2025-10-06T02:00:00+00:00,successful,20
1926,297,2025-11-06T02:00:00+00:00,successful,20
1927,297,2025-12-06T02:00:00+00:00,successful,20
1928,298,2025-06-07T19:11:34+00:00,successful,20
1929,298,2025-07-07T02:00:00+00:00,successful,20
1930,298,2025-08-07T02:00:00+00:00,successful,20
1931,298,2025-09-07T02:00:00+00:00,successful,20
1932,298,2025-10-07T02:00:00+00:00,successful,20
1933,298,2025-11-07T02:00:00+00:00,successful,20
1934,298,2025-12-07T02:00:00+00:00,successful,20
1935,299,2025-06-08T19:46:54+00:00,successful,50
1936,299,2025-07-08T02:00:00+00:00,successful,50
1937,299,2025-08-08T02:00:00+00:00,successful,50
1938,299,2025-09-08T02:00:00+00:00,successful,50
1939,299,2025-10-08T02:00:00+00:00,successful,50
1940,299,2025-11-08T02:00:00+00:00,successful,50
1941,299,2025-12-08T02:00:00+00:00,successful,50
1942,300,2025-06-09T00:08:13+00:00,successful,20
1943,300,2025-07-08T02:00:00+00:00,successful,20
1944,300,2025-08-08T02:00:00+00:00,successful,20
1945,300,2025-09-08T02:00:00+00:00,successful,20
1946,300,2025-10-08T02:00:00+00:00,successful,20
1947,300,2025-11-08T02:00:00+00:00,successful,20
1948,300,2025-12-08T02:00:00+00:00,failed,20
1949,301,2025-06-09T12:08:43+00:00,successful,20
1950,301,2025-07-09T02:00:00+00:00,successful,20
1951,301,2025-08-09T02:00:00+00:00,successful,20
1952,302,2025-06-09T14:20:43+00:00,successful,50
1953,302,2025-07-09T02:00:00+00:00,successful,50
1954,302,2025-08-09T02:00:00+00:00,successful,50
1955,302,2025-09-09T02:00:00+00:00,successful,50
1956,302,2025-10-09T02:00:00+00:00,successful,50
1957,302,2025-11-09T02:00:00+00:00,successful,50
1958,302,2025-12-09T02:00:00+00:00,successful,50
1959,303,2025-06-10T12:38:36+00:00,successful,50
1960,303,2025-07-10T02:00:00+00:00,successful,50
1961,303,2025-08-10T02:00:00+00:00,successful,50
1962,303,2025-09-10T02:00:00+00:00,failed,50
1963,303,2025-10-10T02:00:00+00:00,successful,50
1964,303,2025-11-10T02:00:00+00:00,successful,50
1965,303,2025-12-10T02:00:00+00:00,successful,50
1966,304,2025-06-10T16:35:06+00:00,successful,50
1967,304,2025-07-10T02:00:00+00:00,successful,50
1968,304,2025-08-10T02:00:00+00:00,successful,50
1969,304,2025-09-10T02:00:00+00:00,failed,50
1970,304,2025-10-10T02:00:00+00:00,successful,50
1971,304,2025-11-10T02:00:00+00:00,successful,50
1972,304,2025-12-10T02:00:00+00:00,successful,50
1973,305,2025-06-12T17:35:37+00:00,successful,216
1974,306,2025-06-14T03:31:56+00:00,successful,20
1975,306,2025-07-14T02:00:00+00:00,successful,20
1976,306,2025-08-14T02:00:00+00:00,successful,20
1977,306,2025-09-14T02:00:00+00:00,successful,20
1978,306,2025-10-14T02:00:00+00:00,successful,20
1979,306,2025-11-14T02:00:00+00:00,successful,20
1980,307,2025-06-14T21:37:16+00:00,successful,20
1981,307,2025-07-14T02:00:00+00:00,successful,20
1982,308,2025-06-15T00:20:38+00:00,successful,20
1983,308,2025-07-14T02:00:00+00:00,failed,20
1984,308,2025-08-14T02:00:00+00:00,successful,20
1985,308,2025-09-14T02:00:00+00:00,successful,20
1986,308,2025-10-14T02:00:00+00:00,successful,20
1987,308,2025-11-14T02:00:00+00:00,successful,20
1988,308,2025-12-14T02:00:00+00:00,successful,20
1989,309,2025-06-15T02:00:00+00:00,successful,20
1990,309,2025-07-15T02:00:00+00:00,successful,20
1991,309,2025-08-15T02:00:00+00:00,successful,20
1992,309,2025-09-15T02:00:00+00:00,successful,20
1993,309,2025-10-15T02:00:00+00:00,successful,20
1994,309,2025-11-15T02:00:00+00:00,successful,20
1995,309,2025-12-15T02:00:00+00:00,successful,20
1996,310,2025-06-15T20:30:27+00:00,successful,216
1997,311,2025-06-16T15:26:28+00:00,failed,20
1998,311,2025-07-16T02:00:00+00:00,successful,20
1999,311,2025-08-16T02:00:00+00:00,successful,20
2000,311,2025-09-16T02:00:00+00:00,successful,20
2001,311,2025-10-16T02:00:00+00:00,successful,20
2002,311,2025-11-16T02:00:00+00:00,successful,20
2003,311,2025-12-16T02:00:00+00:00,successful,20
2004,312,2025-06-17T02:11:10+00:00,failed,216
2005,313,2025-06-17T10:45:38+00:00,successful,50
2006,313,2025-07-17T02:00:00+00:00,successful,50
2007,313,2025-08-17T02:00:00+00:00,successful,50
2008,313,2025-09-17T02:00:00+00:00,successful,50
2009,313,2025-10-17T02:00:00+00:00,successful,50
2010,313,2025-11-17T02:00:00+00:00,successful,50
2011,313,2025-12-17T02:00:00+00:00,successful,50
2012,314,2025-06-18T02:00:00+00:00,successful,50
2013,314,2025-07-18T02:00:00+00:00,successful,50
2014,314,2025-08-18T02:00:00+00:00,successful,50
2015,314,2025-09-18T02:00:00+00:00,successful,50
2016,314,2025-10-18T02:00:00+00:00,successful,50
2017,314,2025-11-18T02:00:00+00:00,successful,50
2018,314,2025-12-18T02:00:00+00:00,successful,50
2019,315,2025-06-18T18:59:51+00:00,successful,20
2020,315,2025-07-18T02:00:00+00:00,successful,20
2021,315,2025-08-18T02:00:00+00:00,successful,20
2022,315,2025-09-18T02:00:00+00:00,successful,20
2023,315,2025-10-18T02:00:00+00:00,successful,20
2024,315,2025-11-18T02:00:00+00:00,successful,20
2025,315,2025-12-18T02:00:00+00:00,successful,20
2026,316,2025-06-18T18:16:24+00:00,successful,216
2027,317,2025-06-19T06:20:04+00:00,successful,20
2028,317,2025-07-19T02:00:00+00:00,failed,20
2029,318,2025-06-19T17:08:31+00:00,successful,20
2030,318,2025-07-19T02:00:00+00:00,successful,20
2031,319,2025-06-19T17:27:04+00:00,failed,216
2032,320,2025-06-19T20:29:40+00:00,successful,20
2033,321,2025-06-19T21:41:34+00:00,successful,20
2034,321,2025-07-19T02:00:00+00:00,successful,20
2035,321,2025-08-19T02:00:00+00:00,successful,20
2036,322,2025-06-20T19:39:14+00:00,successful,50
2037,322,2025-07-20T02:00:00+00:00,successful,50
2038,322,2025-08-20T02:00:00+00:00,successful,50
2039,322,2025-09-20T02:00:00+00:00,successful,50
2040,322,2025-10-20T02:00:00+00:00,successful,50
2041,322,2025-11-20T02:00:00+00:00,successful,50
2042,322,2025-12-20T02:00:00+00:00,successful,50
2043,323,2025-06-21T07:20:12+00:00,successful,20
2044,323,2025-07-21T02:00:00+00:00,successful,20
2045,323,2025-08-21T02:00:00+00:00,successful,20
2046,323,2025-09-21T02:00:00+00:00,failed,20
2047,323,2025-10-21T02:00:00+00:00,successful,20
2048,323,2025-11-21T02:00:00+00:00,successful,20
2049,323,2025-12-21T02:00:00+00:00,successful,20
2050,324,2025-06-21T17:05:30+00:00,successful,20
2051,324,2025-07-21T02:00:00+00:00,successful,20
2052,325,2025-06-24T00:41:27+00:00,successful,20
2053,325,2025-07-23T02:00:00+00:00,successful,20
2054,325,2025-08-23T02:00:00+00:00,successful,20
2055,325,2025-09-23T02:00:00+00:00,successful,20
2056,325,2025-10-23T02:00:00+00:00,successful,20
2057,325,2025-11-23T02:00:00+00:00,successful,20
2058,325,2025-12-23T02:00:00+00:00,successful,20
2059,326,2025-06-24T02:00:00+00:00,successful,20
2060,326,2025-07-24T02:00:00+00:00,successful,20
2061,326,2025-08-24T02:00:00+00:00,successful,20
2062,326,2025-09-24T02:00:00+00:00,successful,20
2063,326,2025-10-24T02:00:00+00:00,successful,20
2064,326,2025-11-24T02:00:00+00:00,successful,20
2065,326,2025-12-24T02:00:00+00:00,successful,20
2066,327,2025-06-24T14:52:23+00:00,successful,20
2067,327,2025-07-24T02:00:00+00:00,successful,20
2068,327,2025-08-24T02:00:00+00:00,successful,20
2069,327,2025-09-24T02:00:00+00:00,successful,20
2070,327,2025-10-24T02:00:00+00:00,successful,20
2071,327,2025-11-24T02:00:00+00:00,successful,20
2072,327,2025-12-24T02:00:00+00:00,successful,20
2073,328,2025-06-24T18:58:37+00:00,successful,50
2074,328,2025-07-24T02:00:00+00:00,successful,50
2075,328,2025-08-24T02:00:00+00:00,successful,50
2076,328,2025-09-24T02:00:00+00:00,failed,50
2077,328,2025-10-24T02:00:00+00:00,successful,50
2078,328,2025-11-24T02:00:00+00:00,successful,50
2079,328,2025-12-24T02:00:00+00:00,successful,50
2080,329,2025-06-24T21:04:46+00:00,successful,50
2081,329,2025-07-24T02:00:00+00:00,successful,50
2082,329,2025-08-24T02:00:00+00:00,successful,50
2083,329,2025-09-24T02:00:00+00:00,successful,50
2084,329,2025-10-24T02:00:00+00:00,successful,50
2085,329,2025-11-24T02:00:00+00:00,successful,50
2086,329,2025-12-24T02:00:00+00:00,successful,50
2087,330,2025-06-24T22:20:35+00:00,successful,20
2088,330,2025-07-24T02:00:00+00:00,successful,20
2089,330,2025-08-24T02:00:00+00:00,successful,20
2090,330,2025-09-24T02:00:00+00:00,successful,20
2091,330,2025-10-24T02:00:00+00:00,successful,20
2092,330,2025-11-24T02:00:00+00:00,successful,20
2093,330,2025-12-24T02:00:00+00:00,successful,20
2094,331,2025-06-25T14:34:42+00:00,successful,216
2095,332,2025-06-25T18:09:39+00:00,successful,50
2096,332,2025-07-25T02:00:00+00:00,successful,50
2097,332,2025-08-25T02:00:00+00:00,successful,50
2098,332,2025-09-25T02:00:00+00:00,successful,50
2099,332,2025-10-25T02:00:00+00:00,successful,50
2100,332,2025-11-25T02:00:00+00:00,successful,50
2101,333,2025-06-25T19:41:32+00:00,successful,216
2102,334,2025-06-26T10:34:29+00:00,successful,50
2103,334,2025-07-26T02:00:00+00:00,successful,50
2104,334,2025-08-26T02:00:00+00:00,successful,50
2105,335,2025-06-26T21:13:00+00:00,successful,20
2106,335,2025-07-26T02:00:00+00:00,successful,20
2107,335,2025-08-26T02:00:00+00:00,successful,20
2108,335,2025-09-26T02:00:00+00:00,successful,20
2109,335,2025-10-26T02:00:00+00:00,successful,20
2110,336,2025-06-27T08:53:39+00:00,successful,20
2111,336,2025-07-27T02:00:00+00:00,successful,20
2112,337,2025-06-27T12:19:16+00:00,successful,216
2113,338,2025-06-27T14:47:31+00:00,successful,20
2114,338,2025-07-27T02:00:00+00:00,successful,20
2115,338,2025-08-27T02:00:00+00:00,successful,20
2116,338,2025-09-27T02:00:00+00:00,successful,20
2117,338,2025-10-27T02:00:00+00:00,successful,20
2118,338,2025-11-27T02:00:00+00:00,successful,20
2119,338,2025-12-27T02:00:00+00:00,successful,20
2120,339,2025-06-28T02:27:59+00:00,successful,216
2121,340,2025-06-28T16:00:10+00:00,successful,216
2122,341,2025-06-28T17:56:36+00:00,successful,50
2123,341,2025-07-28T02:00:00+00:00,successful,50
2124,341,2025-08-28T02:00:00+00:00,successful,50
2125,341,2025-09-28T02:00:00+00:00,successful,50
2126,341,2025-10-28T02:00:00+00:00,successful,50
2127,341,2025-11-28T02:00:00+00:00,successful,50
2128,341,2025-12-28T02:00:00+00:00,successful,50
2129,342,2025-06-29T15:05:16+00:00,successful,20
2130,342,2025-07-29T02:00:00+00:00,successful,20
2131,342,2025-08-29T02:00:00+00:00,successful,20
2132,342,2025-09-29T02:00:00+00:00,successful,20
2133,342,2025-10-29T02:00:00+00:00,failed,20
2134,342,2025-11-29T02:00:00+00:00,successful,20
2135,342,2025-12-29T02:00:00+00:00,successful,20
2136,343,2025-06-29T21:59:47+00:00,successful,20
2137,343,2025-07-29T02:00:00+00:00,successful,20
2138,343,2025-08-29T02:00:00+00:00,successful,20
2139,343,2025-09-29T02:00:00+00:00,successful,20
2140,343,2025-10-29T02:00:00+00:00,successful,20
2141,343,2025-11-29T02:00:00+00:00,failed,20
2142,343,2025-12-29T02:00:00+00:00,successful,20
2143,344,2025-06-29T22:16:05+00:00,successful,20
2144,344,2025-07-29T02:00:00+00:00,successful,20
2145,344,2025-08-29T02:00:00+00:00,successful,20
2146,344,2025-09-29T02:00:00+00:00,successful,20
2147,344,2025-10-29T02:00:00+00:00,successful,20
2148,344,2025-11-29T02:00:00+00:00,successful,20
2149,344,2025-12-29T02:00:00+00:00,successful,20
2150,345,2025-06-30T03:28:32+00:00,successful,20
2151,345,2025-07-30T02:00:00+00:00,successful,20
2152,345,2025-08-30T02:00:00+00:00,successful,20
2153,346,2025-06-30T18:10:07+00:00,successful,216
2154,347,2025-07-01T22:05:58+00:00,successful,20
2155,347,2025-08-01T02:00:00+00:00,successful,20
2156,347,2025-09-01T02:00:00+00:00,successful,20
2157,347,2025-10-01T02:00:00+00:00,successful,20
2158,347,2025-11-01T02:00:00+00:00,successful,20
2159,347,2025-12-01T02:00:00+00:00,successful,20
2160,348,2025-07-02T03:41:46+00:00,successful,540
2161,349,2025-07-02T15:22:09+00:00,successful,20
2162,349,2025-08-02T02:00:00+00:00,successful,20
2163,349,2025-09-02T02:00:00+00:00,successful,20
2164,349,2025-10-02T02:00:00+00:00,successful,20
2165,349,2025-11-02T02:00:00+00:00,successful,20
2166,349,2025-12-02T02:00:00+00:00,successful,20
2167,350,2025-07-02T20:32:33+00:00,successful,20
2168,350,2025-08-02T02:00:00+00:00,successful,20
2169,350,2025-09-02T02:00:00+00:00,successful,20
2170,350,2025-10-02T02:00:00+00:00,successful,20
2171,350,2025-11-02T02:00:00+00:00,successful,20
2172,350,2025-12-02T02:00:00+00:00,successful,20
2173,351,2025-07-03T00:30:58+00:00,successful,20
2174,351,2025-08-02T02:00:00+00:00,successful,20
2175,351,2025-09-02T02:00:00+00:00,successful,20
2176,351,2025-10-02T02:00:00+00:00,successful,20
2177,351,2025-11-02T02:00:00+00:00,successful,20
2178,351,2025-12-02T02:00:00+00:00,successful,20
2179,352,2025-07-03T07:33:06+00:00,successful,20
2180,352,2025-08-03T02:00:00+00:00,successful,20
2181,352,2025-09-03T02:00:00+00:00,successful,20
2182,352,2025-10-03T02:00:00+00:00,successful,20
2183,352,2025-11-03T02:00:00+00:00,failed,20
2184,352,2025-12-03T02:00:00+00:00,successful,20
2185,353,2025-07-03T08:10:31+00:00,successful,20
2186,353,2025-08-03T02:00:00+00:00,successful,20
2187,353,2025-09-03T02:00:00+00:00,successful,20
2188,353,2025-10-03T02:00:00+00:00,successful,20
2189,353,2025-11-03T02:00:00+00:00,successful,20
2190,353,2025-12-03T02:00:00+00:00,successful,20
2191,354,2025-07-03T20:02:46+00:00,successful,50
2192,354,2025-08-03T02:00:00+00:00,successful,50
2193,354,2025-09-03T02:00:00+00:00,successful,50
2194,354,2025-10-03T02:00:00+00:00,successful,50
2195,354,2025-11-03T02:00:00+00:00,successful,50
2196,354,2025-12-03T02:00:00+00:00,successful,50
2197,355,2025-07-03T20:38:00+00:00,successful,20
2198,355,2025-08-03T02:00:00+00:00,successful,20
2199,355,2025-09-03T02:00:00+00:00,successful,20
2200,355,2025-10-03T02:00:00+00:00,successful,20
2201,355,2025-11-03T02:00:00+00:00,successful,20
2202,356,2025-07-04T10:07:50+00:00,successful,20
2203,356,2025-08-04T02:00:00+00:00,successful,20
2204,356,2025-09-04T02:00:00+00:00,successful,20
2205,356,2025-10-04T02:00:00+00:00,successful,20
2206,356,2025-11-04T02:00:00+00:00,successful,20
2207,356,2025-12-04T02:00:00+00:00,successful,20
2208,357,2025-07-04T12:55:43+00:00,successful,20
2209,357,2025-08-04T02:00:00+00:00,successful,20
2210,357,2025-09-04T02:00:00+00:00,successful,20
2211,357,2025-10-04T02:00:00+00:00,successful,20
2212,357,2025-11-04T02:00:00+00:00,successful,20
2213,357,2025-12-04T02:00:00+00:00,successful,20
2214,358,2025-07-04T13:07:59+00:00,successful,216
2215,359,2025-07-05T00:03:15+00:00,successful,20
2216,359,2025-08-04T02:00:00+00:00,successful,20
2217,359,2025-09-04T02:00:00+00:00,successful,20
2218,359,2025-10-04T02:00:00+00:00,successful,20
2219,359,2025-11-04T02:00:00+00:00,successful,20
2220,359,2025-12-04T02:00:00+00:00,successful,20
2221,360,2025-07-05T17:06:25+00:00,failed,20
2222,360,2025-08-05T02:00:00+00:00,successful,20
2223,360,2025-09-05T02:00:00+00:00,successful,20
2224,360,2025-10-05T02:00:00+00:00,successful,20
2225,360,2025-11-05T02:00:00+00:00,successful,20
2226,360,2025-12-05T02:00:00+00:00,successful,20
2227,361,2025-07-05T17:17:16+00:00,successful,540
2228,362,2025-07-05T19:37:37+00:00,successful,20
2229,362,2025-08-05T02:00:00+00:00,successful,20
2230,363,2025-07-05T22:41:10+00:00,successful,20
2231,363,2025-08-05T02:00:00+00:00,successful,20
2232,363,2025-09-05T02:00:00+00:00,successful,20
2233,363,2025-10-05T02:00:00+00:00,failed,20
2234,364,2025-07-06T02:00:00+00:00,successful,20
2235,364,2025-08-06T02:00:00+00:00,successful,20
2236,364,2025-09-06T02:00:00+00:00,successful,20
2237,364,2025-10-06T02:00:00+00:00,successful,20
2238,364,2025-11-06T02:00:00+00:00,successful,20
2239,364,2025-12-06T02:00:00+00:00,successful,20
2240,365,2025-07-06T05:11:49+00:00,successful,50
2241,365,2025-08-06T02:00:00+00:00,successful,50
2242,366,2025-07-06T18:14:08+00:00,successful,20
2243,366,2025-08-06T02:00:00+00:00,successful,20
2244,366,2025-09-06T02:00:00+00:00,successful,20
2245,366,2025-10-06T02:00:00+00:00,successful,20
2246,366,2025-11-06T02:00:00+00:00,successful,20
2247,366,2025-12-06T02:00:00+00:00,successful,20
2248,367,2025-07-07T21:08:37+00:00,successful,20
2249,367,2025-08-07T02:00:00+00:00,successful,20
2250,367,2025-09-07T02:00:00+00:00,successful,20
2251,367,2025-10-07T02:00:00+00:00,successful,20
2252,367,2025-11-07T02:00:00+00:00,successful,20
2253,367,2025-12-07T02:00:00+00:00,successful,20
2254,368,2025-07-08T05:21:57+00:00,successful,50
2255,368,2025-08-08T02:00:00+00:00,successful,50
2256,368,2025-09-08T02:00:00+00:00,successful,50
2257,368,2025-10-08T02:00:00+00:00,successful,50
2258,368,2025-11-08T02:00:00+00:00,successful,50
2259,368,2025-12-08T02:00:00+00:00,successful,50
2260,369,2025-07-08T07:43:23+00:00,successful,20
2261,369,2025-08-08T02:00:00+00:00,successful,20
2262,369,2025-09-08T02:00:00+00:00,failed,20
2263,369,2025-10-08T02:00:00+00:00,successful,20
2264,369,2025-11-08T02:00:00+00:00,successful,20
2265,369,2025-12-08T02:00:00+00:00,successful,20
2266,370,2025-07-08T08:31:24+00:00,successful,216
2267,371,2025-07-08T11:46:04+00:00,successful,20
2268,371,2025-08-08T02:00:00+00:00,successful,20
2269,371,2025-09-08T02:00:00+00:00,successful,20
2270,371,2025-10-08T02:00:00+00:00,successful,20
2271,371,2025-11-08T02:00:00+00:00,successful,20
2272,371,2025-12-08T02:00:00+00:00,successful,20
2273,372,2025-07-08T11:33:53+00:00,successful,216
2274,373,2025-07-08T15:50:44+00:00,successful,50
2275,373,2025-08-08T02:00:00+00:00,successful,50
2276,373,2025-09-08T02:00:00+00:00,successful,50
2277,373,2025-10-08T02:00:00+00:00,successful,50
2278,373,2025-11-08T02:00:00+00:00,successful,50
2279,373,2025-12-08T02:00:00+00:00,successful,50
2280,374,2025-07-08T16:19:05+00:00,successful,20
2281,374,2025-08-08T02:00:00+00:00,successful,20
2282,374,2025-09-08T02:00:00+00:00,successful,20
2283,374,2025-10-08T02:00:00+00:00,successful,20
2284,374,2025-11-08T02:00:00+00:00,successful,20
2285,374,2025-12-08T02:00:00+00:00,successful,20
2286,375,2025-07-08T20:12:29+00:00,successful,20
2287,375,2025-08-08T02:00:00+00:00,successful,20
2288,375,2025-09-08T02:00:00+00:00,successful,20
2289,375,2025-10-08T02:00:00+00:00,successful,20
2290,375,2025-11-08T02:00:00+00:00,successful,20
2291,375,2025-12-08T02:00:00+00:00,successful,20
2292,376,2025-07-09T05:31:32+00:00,successful,216
2293,377,2025-07-09T07:09:11+00:00,successful,20
2294,377,2025-08-09T02:00:00+00:00,successful,20
2295,377,2025-09-09T02:00:00+00:00,successful,20
2296,377,2025-10-09T02:00:00+00:00,successful,20
2297,377,2025-11-09T02:00:00+00:00,successful,20
2298,377,2025-12-09T02:00:00+00:00,successful,20
2299,378,2025-07-09T12:01:26+00:00,successful,20
2300,378,2025-08-09T02:00:00+00:00,successful,20
2301,378,2025-09-09T02:00:00+00:00,successful,20
2302,378,2025-10-09T02:00:00+00:00,successful,20
2303,378,2025-11-09T02:00:00+00:00,successful,20
2304,378,2025-12-09T02:00:00+00:00,successful,20
2305,379,2025-07-09T12:14:02+00:00,successful,20
2306,379,2025-08-09T02:00:00+00:00,successful,20
2307,379,2025-09-09T02:00:00+00:00,successful,20
2308,379,2025-10-09T02:00:00+00:00,successful,20
2309,379,2025-11-09T02:00:00+00:00,successful,20
2310,379,2025-12-09T02:00:00+00:00,successful,20
2311,380,2025-07-10T08:34:03+00:00,successful,216
2312,381,2025-07-11T06:07:25+00:00,successful,20
2313,381,2025-08-11T02:00:00+00:00,successful,20
2314,381,2025-09-11T02:00:00+00:00,successful,20
2315,381,2025-10-11T02:00:00+00:00,successful,20
2316,381,2025-11-11T02:00:00+00:00,successful,20
2317,381,2025-12-11T02:00:00+00:00,successful,20
2318,382,2025-07-11T22:08:46+00:00,successful,20
2319,382,2025-08-11T02:00:00+00:00,successful,20
2320,382,2025-09-11T02:00:00+00:00,successful,20
2321,382,2025-10-11T02:00:00+00:00,successful,20
2322,382,2025-11-11T02:00:00+00:00,successful,20
2323,382,2025-12-11T02:00:00+00:00,successful,20
2324,383,2025-07-12T07:20:22+00:00,successful,20
2325,383,2025-08-12T02:00:00+00:00,failed,20
2326,383,2025-09-12T02:00:00+00:00,successful,20
2327,383,2025-10-12T02:00:00+00:00,successful,20
2328,383,2025-11-12T02:00:00+00:00,successful,20
2329,383,2025-12-12T02:00:00+00:00,successful,20
2330,384,2025-07-13T11:51:35+00:00,successful,20
2331,384,2025-08-13T02:00:00+00:00,successful,20
2332,384,2025-09-13T02:00:00+00:00,successful,20
2333,384,2025-10-13T02:00:00+00:00,successful,20
2334,384,2025-11-13T02:00:00+00:00,successful,20
2335,384,2025-12-13T02:00:00+00:00,successful,20
2336,385,2025-07-13T12:29:16+00:00,successful,20
2337,385,2025-08-13T02:00:00+00:00,successful,20
2338,385,2025-09-13T02:00:00+00:00,failed,20
2339,385,2025-10-13T02:00:00+00:00,failed,20
2340,385,2025-11-13T02:00:00+00:00,successful,20
2341,385,2025-12-13T02:00:00+00:00,successful,20
2342,386,2025-07-13T11:42:51+00:00,successful,540
2343,387,2025-07-13T14:50:43+00:00,successful,20
2344,387,2025-08-13T02:00:00+00:00,successful,20
2345,387,2025-09-13T02:00:00+00:00,successful,20
2346,387,2025-10-13T02:00:00+00:00,successful,20
2347,387,2025-11-13T02:00:00+00:00,successful,20
2348,387,2025-12-13T02:00:00+00:00,successful,20
2349,388,2025-07-13T22:47:52+00:00,successful,20
2350,388,2025-08-13T02:00:00+00:00,successful,20
2351,388,2025-09-13T02:00:00+00:00,successful,20
2352,388,2025-10-13T02:00:00+00:00,successful,20
2353,388,2025-11-13T02:00:00+00:00,successful,20
2354,388,2025-12-13T02:00:00+00:00,successful,20
2355,389,2025-07-13T23:07:35+00:00,successful,216
2356,390,2025-07-14T10:39:58+00:00,successful,20
2357,390,2025-08-14T02:00:00+00:00,successful,20
2358,390,2025-09-14T02:00:00+00:00,successful,20
2359,390,2025-10-14T02:00:00+00:00,successful,20
2360,390,2025-11-14T02:00:00+00:00,successful,20
2361,390,2025-12-14T02:00:00+00:00,successful,20
2362,391,2025-07-14T11:46:07+00:00,successful,50
2363,392,2025-07-14T21:10:38+00:00,successful,50
2364,392,2025-08-14T02:00:00+00:00,successful,50
2365,392,2025-09-14T02:00:00+00:00,successful,50
2366,392,2025-10-14T02:00:00+00:00,successful,50
2367,392,2025-11-14T02:00:00+00:00,successful,50
2368,392,2025-12-14T02:00:00+00:00,successful,50
2369,393,2025-07-14T21:27:25+00:00,successful,20
2370,393,2025-08-14T02:00:00+00:00,successful,20
2371,393,2025-09-14T02:00:00+00:00,successful,20
2372,393,2025-10-14T02:00:00+00:00,successful,20
2373,393,2025-11-14T02:00:00+00:00,successful,20
2374,393,2025-12-14T02:00:00+00:00,successful,20
2375,394,2025-07-14T22:08:21+00:00,successful,50
2376,394,2025-08-14T02:00:00+00:00,failed,50
2377,394,2025-09-14T02:00:00+00:00,successful,50
2378,394,2025-10-14T02:00:00+00:00,successful,50
2379,394,2025-11-14T02:00:00+00:00,successful,50
2380,394,2025-12-14T02:00:00+00:00,successful,50
2381,395,2025-07-15T06:43:04+00:00,successful,50
2382,395,2025-08-15T02:00:00+00:00,successful,50
2383,395,2025-09-15T02:00:00+00:00,successful,50
2384,395,2025-10-15T02:00:00+00:00,successful,50
2385,395,2025-11-15T02:00:00+00:00,successful,50
2386,395,2025-12-15T02:00:00+00:00,successful,50
2387,396,2025-07-15T15:52:56+00:00,successful,20
2388,396,2025-08-15T02:00:00+00:00,successful,20
2389,396,2025-09-15T02:00:00+00:00,successful,20
2390,396,2025-10-15T02:00:00+00:00,successful,20
2391,396,2025-11-15T02:00:00+00:00,successful,20
2392,396,2025-12-15T02:00:00+00:00,successful,20
2393,397,2025-07-15T18:18:24+00:00,successful,20
2394,397,2025-08-15T02:00:00+00:00,successful,20
2395,397,2025-09-15T02:00:00+00:00,successful,20
2396,397,2025-10-15T02:00:00+00:00,successful,20
2397,397,2025-11-15T02:00:00+00:00,successful,20
2398,397,2025-12-15T02:00:00+00:00,successful,20
2399,398,2025-07-16T04:16:04+00:00,successful,20
2400,398,2025-08-16T02:00:00+00:00,successful,20
2401,398,2025-09-16T02:00:00+00:00,successful,20
2402,398,2025-10-16T02:00:00+00:00,successful,20
2403,398,2025-11-16T02:00:00+00:00,successful,20
2404,399,2025-07-16T04:37:38+00:00,successful,20
2405,399,2025-08-16T02:00:00+00:00,successful,20
2406,399,2025-09-16T02:00:00+00:00,successful,20
2407,399,2025-10-16T02:00:00+00:00,successful,20
2408,399,2025-11-16T02:00:00+00:00,successful,20
2409,399,2025-12-16T02:00:00+00:00,successful,20
2410,400,2025-07-16T04:56:26+00:00,successful,20
2411,401,2025-07-16T06:56:39+00:00,successful,20
2412,401,2025-08-16T02:00:00+00:00,successful,20
2413,401,2025-09-16T02:00:00+00:00,successful,20
2414,401,2025-10-16T02:00:00+00:00,successful,20
2415,401,2025-11-16T02:00:00+00:00,successful,20
2416,401,2025-12-16T02:00:00+00:00,successful,20
2417,402,2025-07-16T07:44:59+00:00,successful,20
2418,402,2025-08-16T02:00:00+00:00,successful,20
2419,402,2025-09-16T02:00:00+00:00,successful,20
2420,402,2025-10-16T02:00:00+00:00,successful,20
2421,402,2025-11-16T02:00:00+00:00,successful,20
2422,402,2025-12-16T02:00:00+00:00,successful,20
2423,403,2025-07-16T10:20:00+00:00,successful,540
2424,404,2025-07-16T11:07:14+00:00,successful,540
2425,405,2025-07-16T16:54:58+00:00,successful,216
2426,406,2025-07-17T02:00:00+00:00,successful,20
2427,407,2025-07-17T08:15:04+00:00,successful,50
2428,407,2025-08-17T02:00:00+00:00,successful,50
2429,407,2025-09-17T02:00:00+00:00,successful,50
2430,407,2025-10-17T02:00:00+00:00,successful,50
2431,407,2025-11-17T02:00:00+00:00,failed,50
2432,407,2025-12-17T02:00:00+00:00,failed,50
2433,408,2025-07-17T16:49:44+00:00,successful,216
2434,409,2025-07-17T19:56:44+00:00,successful,216
2435,410,2025-07-18T04:08:31+00:00,successful,20
2436,410,2025-08-18T02:00:00+00:00,successful,20
2437,410,2025-09-18T02:00:00+00:00,successful,20
2438,410,2025-10-18T02:00:00+00:00,successful,20
2439,410,2025-11-18T02:00:00+00:00,successful,20
2440,410,2025-12-18T02:00:00+00:00,successful,20
2441,411,2025-07-18T14:54:24+00:00,successful,20
2442,411,2025-08-18T02:00:00+00:00,successful,20
2443,411,2025-09-18T02:00:00+00:00,successful,20
2444,411,2025-10-18T02:00:00+00:00,successful,20
2445,411,2025-11-18T02:00:00+00:00,successful,20
2446,411,2025-12-18T02:00:00+00:00,successful,20
2447,412,2025-07-18T15:03:08+00:00,successful,20
2448,412,2025-08-18T02:00:00+00:00,successful,20
2449,412,2025-09-18T02:00:00+00:00,successful,20
2450,412,2025-10-18T02:00:00+00:00,successful,20
2451,412,2025-11-18T02:00:00+00:00,successful,20
2452,412,2025-12-18T02:00:00+00:00,successful,20
2453,413,2025-07-18T16:39:46+00:00,failed,50
2454,413,2025-08-18T02:00:00+00:00,successful,50
2455,413,2025-09-18T02:00:00+00:00,successful,50
2456,413,2025-10-18T02:00:00+00:00,successful,50
2457,413,2025-11-18T02:00:00+00:00,successful,50
2458,413,2025-12-18T02:00:00+00:00,successful,50
2459,414,2025-07-18T17:23:44+00:00,successful,20
2460,414,2025-08-18T02:00:00+00:00,failed,20
2461,414,2025-09-18T02:00:00+00:00,successful,20
2462,415,2025-07-19T12:59:02+00:00,successful,20
2463,415,2025-08-19T02:00:00+00:00,successful,20
2464,415,2025-09-19T02:00:00+00:00,successful,20
2465,415,2025-10-19T02:00:00+00:00,successful,20
2466,415,2025-11-19T02:00:00+00:00,successful,20
2467,415,2025-12-19T02:00:00+00:00,successful,20
2468,416,2025-07-19T19:23:51+00:00,successful,20
2469,417,2025-07-20T04:27:42+00:00,successful,20
2470,417,2025-08-20T02:00:00+00:00,successful,20
2471,417,2025-09-20T02:00:00+00:00,successful,20
2472,417,2025-10-20T02:00:00+00:00,successful,20
2473,417,2025-11-20T02:00:00+00:00,successful,20
2474,417,2025-12-20T02:00:00+00:00,successful,20
2475,418,2025-07-20T05:23:49+00:00,successful,20
2476,418,2025-08-20T02:00:00+00:00,successful,20
2477,419,2025-07-20T10:45:45+00:00,successful,20
2478,419,2025-08-20T02:00:00+00:00,successful,20
2479,419,2025-09-20T02:00:00+00:00,failed,20
2480,419,2025-10-20T02:00:00+00:00,successful,20
2481,419,2025-11-20T02:00:00+00:00,successful,20
2482,419,2025-12-20T02:00:00+00:00,successful,20
2483,420,2025-07-20T11:16:33+00:00,successful,20
2484,420,2025-08-20T02:00:00+00:00,failed,20
2485,420,2025-09-20T02:00:00+00:00,successful,20
2486,420,2025-10-20T02:00:00+00:00,successful,20
2487,420,2025-11-20T02:00:00+00:00,successful,20
2488,420,2025-12-20T02:00:00+00:00,successful,20
2489,421,2025-07-20T12:49:39+00:00,successful,20
2490,421,2025-08-20T02:00:00+00:00,successful,20
2491,421,2025-09-20T02:00:00+00:00,failed,20
2492,421,2025-10-20T02:00:00+00:00,successful,20
2493,421,2025-11-20T02:00:00+00:00,successful,20
2494,421,2025-12-20T02:00:00+00:00,successful,20
2495,422,2025-07-20T19:04:14+00:00,successful,20
2496,422,2025-08-20T02:00:00+00:00,successful,20
2497,422,2025-09-20T02:00:00+00:00,successful,20
2498,422,2025-10-20T02:00:00+00:00,successful,20
2499,422,2025-11-20T02:00:00+00:00,successful,20
2500,422,2025-12-20T02:00:00+00:00,successful,20
2501,423,2025-07-21T02:00:00+00:00,successful,20
2502,423,2025-08-21T02:00:00+00:00,successful,20
2503,423,2025-09-21T02:00:00+00:00,successful,20
2504,423,2025-10-21T02:00:00+00:00,successful,20
2505,423,2025-11-21T02:00:00+00:00,successful,20
2506,423,2025-12-21T02:00:00+00:00,successful,20
2507,424,2025-07-21T05:08:33+00:00,successful,20
2508,424,2025-08-21T02:00:00+00:00,successful,20
2509,424,2025-09-21T02:00:00+00:00,failed,20
2510,424,2025-10-21T02:00:00+00:00,successful,20
2511,424,2025-11-21T02:00:00+00:00,successful,20
2512,424,2025-12-21T02:00:00+00:00,successful,20
2513,425,2025-07-21T10:05:45+00:00,successful,216
2514,426,2025-07-21T12:51:57+00:00,successful,20
2515,426,2025-08-21T02:00:00+00:00,successful,20
2516,426,2025-09-21T02:00:00+00:00,successful,20
2517,426,2025-10-21T02:00:00+00:00,successful,20
2518,426,2025-11-21T02:00:00+00:00,successful,20
2519,427,2025-07-21T22:03:05+00:00,successful,50
2520,427,2025-08-21T02:00:00+00:00,successful,50
2521,427,2025-09-21T02:00:00+00:00,successful,50
2522,427,2025-10-21T02:00:00+00:00,successful,50
2523,427,2025-11-21T02:00:00+00:00,successful,50
2524,427,2025-12-21T02:00:00+00:00,successful,50
2525,428,2025-07-22T04:52:46+00:00,successful,216
2526,429,2025-07-22T07:48:13+00:00,successful,20
2527,429,2025-08-22T02:00:00+00:00,successful,20
2528,429,2025-09-22T02:00:00+00:00,successful,20
2529,429,2025-10-22T02:00:00+00:00,successful,20
2530,429,2025-11-22T02:00:00+00:00,successful,20
2531,429,2025-12-22T02:00:00+00:00,successful,20
2532,430,2025-07-22T11:33:15+00:00,successful,216
2533,431,2025-07-22T14:49:42+00:00,successful,216
2534,432,2025-07-22T23:14:51+00:00,successful,20
2535,432,2025-08-22T02:00:00+00:00,successful,20
2536,432,2025-09-22T02:00:00+00:00,successful,20
2537,432,2025-10-22T02:00:00+00:00,successful,20
2538,432,2025-11-22T02:00:00+00:00,successful,20
2539,432,2025-12-22T02:00:00+00:00,successful,20
2540,433,2025-07-23T20:57:37+00:00,successful,20
2541,433,2025-08-23T02:00:00+00:00,successful,20
2542,433,2025-09-23T02:00:00+00:00,successful,20
2543,433,2025-10-23T02:00:00+00:00,successful,20
2544,433,2025-11-23T02:00:00+00:00,successful,20
2545,433,2025-12-23T02:00:00+00:00,successful,20
2546,434,2025-07-24T00:32:19+00:00,successful,50
2547,434,2025-08-23T02:00:00+00:00,successful,50
2548,434,2025-09-23T02:00:00+00:00,successful,50
2549,434,2025-10-23T02:00:00+00:00,successful,50
2550,434,2025-11-23T02:00:00+00:00,successful,50
2551,434,2025-12-23T02:00:00+00:00,successful,50
2552,435,2025-07-24T12:13:26+00:00,successful,20
2553,435,2025-08-24T02:00:00+00:00,successful,20
2554,435,2025-09-24T02:00:00+00:00,failed,20
2555,435,2025-10-24T02:00:00+00:00,successful,20
2556,435,2025-11-24T02:00:00+00:00,successful,20
2557,435,2025-12-24T02:00:00+00:00,successful,20
2558,436,2025-07-24T18:51:17+00:00,successful,20
2559,437,2025-07-25T04:59:06+00:00,successful,20
2560,437,2025-08-25T02:00:00+00:00,successful,20
2561,438,2025-07-25T05:42:09+00:00,successful,20
2562,438,2025-08-25T02:00:00+00:00,successful,20
2563,438,2025-09-25T02:00:00+00:00,successful,20
2564,438,2025-10-25T02:00:00+00:00,successful,20
2565,438,2025-11-25T02:00:00+00:00,successful,20
2566,438,2025-12-25T02:00:00+00:00,successful,20
2567,439,2025-07-25T17:12:01+00:00,failed,20
2568,439,2025-08-25T02:00:00+00:00,successful,20
2569,439,2025-09-25T02:00:00+00:00,successful,20
2570,439,2025-10-25T02:00:00+00:00,successful,20
2571,439,2025-11-25T02:00:00+00:00,successful,20
2572,439,2025-12-25T02:00:00+00:00,successful,20
2573,440,2025-07-25T20:39:17+00:00,successful,20
2574,440,2025-08-25T02:00:00+00:00,successful,20
2575,440,2025-09-25T02:00:00+00:00,successful,20
2576,440,2025-10-25T02:00:00+00:00,successful,20
2577,440,2025-11-25T02:00:00+00:00,successful,20
2578,440,2025-12-25T02:00:00+00:00,successful,20
2579,441,2025-07-25T23:25:47+00:00,successful,20
2580,441,2025-08-25T02:00:00+00:00,successful,20
2581,441,2025-09-25T02:00:00+00:00,successful,20
2582,441,2025-10-25T02:00:00+00:00,successful,20
2583,441,2025-11-25T02:00:00+00:00,successful,20
2584,441,2025-12-25T02:00:00+00:00,successful,20
2585,442,2025-07-26T14:36:50+00:00,successful,20
2586,442,2025-08-26T02:00:00+00:00,successful,20
2587,442,2025-09-26T02:00:00+00:00,successful,20
2588,443,2025-07-26T20:25:42+00:00,successful,20
2589,444,2025-07-27T07:53:03+00:00,failed,20
2590,444,2025-08-27T02:00:00+00:00,successful,20
2591,445,2025-07-27T09:54:52+00:00,successful,20
2592,445,2025-08-27T02:00:00+00:00,failed,20
2593,445,2025-09-27T02:00:00+00:00,successful,20
2594,445,2025-10-27T02:00:00+00:00,successful,20
2595,445,2025-11-27T02:00:00+00:00,successful,20
2596,445,2025-12-27T02:00:00+00:00,successful,20
2597,446,2025-07-27T19:16:44+00:00,failed,20
2598,446,2025-08-27T02:00:00+00:00,successful,20
2599,446,2025-09-27T02:00:00+00:00,successful,20
2600,446,2025-10-27T02:00:00+00:00,successful,20
2601,446,2025-11-27T02:00:00+00:00,successful,20
2602,446,2025-12-27T02:00:00+00:00,successful,20
2603,447,2025-07-28T02:00:00+00:00,successful,20
2604,447,2025-08-28T02:00:00+00:00,successful,20
2605,447,2025-09-28T02:00:00+00:00,successful,20
2606,447,2025-10-28T02:00:00+00:00,successful,20
2607,447,2025-11-28T02:00:00+00:00,successful,20
2608,447,2025-12-28T02:00:00+00:00,successful,20
2609,448,2025-07-28T04:00:49+00:00,successful,216
2610,449,2025-07-28T20:43:10+00:00,successful,20
2611,449,2025-08-28T02:00:00+00:00,successful,20
2612,449,2025-09-28T02:00:00+00:00,successful,20
2613,449,2025-10-28T02:00:00+00:00,successful,20
2614,449,2025-11-28T02:00:00+00:00,successful,20
2615,449,2025-12-28T02:00:00+00:00,successful,20
2616,450,2025-07-29T02:00:00+00:00,failed,20
2617,450,2025-08-29T02:00:00+00:00,successful,20
2618,450,2025-09-29T02:00:00+00:00,successful,20
2619,450,2025-10-29T02:00:00+00:00,successful,20
2620,450,2025-11-29T02:00:00+00:00,successful,20
2621,450,2025-12-29T02:00:00+00:00,successful,20
2622,451,2025-07-29T05:12:00+00:00,successful,20
2623,451,2025-08-29T02:00:00+00:00,successful,20
2624,451,2025-09-29T02:00:00+00:00,successful,20
2625,451,2025-10-29T02:00:00+00:00,successful,20
2626,451,2025-11-29T02:00:00+00:00,successful,20
2627,451,2025-12-29T02:00:00+00:00,successful,20
2628,452,2025-07-29T08:52:53+00:00,successful,216
2629,453,2025-07-29T11:31:55+00:00,successful,20
2630,453,2025-08-29T02:00:00+00:00,successful,20
2631,453,2025-09-29T02:00:00+00:00,successful,20
2632,453,2025-10-29T02:00:00+00:00,failed,20
2633,453,2025-11-29T02:00:00+00:00,successful,20
2634,453,2025-12-29T02:00:00+00:00,successful,20
2635,454,2025-07-29T13:19:14+00:00,successful,50
2636,454,2025-08-29T02:00:00+00:00,successful,50
2637,454,2025-09-29T02:00:00+00:00,successful,50
2638,454,2025-10-29T02:00:00+00:00,successful,50
2639,454,2025-11-29T02:00:00+00:00,successful,50
2640,454,2025-12-29T02:00:00+00:00,successful,50
2641,455,2025-07-29T23:57:12+00:00,successful,20
2642,455,2025-08-29T02:00:00+00:00,successful,20
2643,455,2025-09-29T02:00:00+00:00,successful,20
2644,455,2025-10-29T02:00:00+00:00,successful,20
2645,455,2025-11-29T02:00:00+00:00,successful,20
2646,455,2025-12-29T02:00:00+00:00,successful,20
2647,456,2025-07-30T03:05:10+00:00,successful,20
2648,456,2025-08-30T02:00:00+00:00,successful,20
2649,456,2025-09-30T02:00:00+00:00,successful,20
2650,456,2025-10-30T02:00:00+00:00,successful,20
2651,456,2025-11-30T02:00:00+00:00,successful,20
2652,456,2025-12-30T02:00:00+00:00,successful,20
2653,457,2025-07-30T03:29:51+00:00,successful,20
2654,457,2025-08-30T02:00:00+00:00,successful,20
2655,457,2025-09-30T02:00:00+00:00,successful,20
2656,457,2025-10-30T02:00:00+00:00,successful,20
2657,457,2025-11-30T02:00:00+00:00,successful,20
2658,457,2025-12-30T02:00:00+00:00,successful,20
2659,458,2025-07-30T11:50:12+00:00,successful,540
2660,459,2025-07-31T02:00:00+00:00,successful,50
2661,459,2025-08-31T02:00:00+00:00,successful,50
2662,459,2025-09-30T02:00:00+00:00,successful,50
2663,459,2025-10-31T02:00:00+00:00,successful,50
2664,459,2025-11-30T02:00:00+00:00,successful,50
2665,459,2025-12-31T02:00:00+00:00,successful,50
2666,460,2025-07-31T02:18:28+00:00,successful,540
2667,461,2025-07-31T13:04:38+00:00,successful,20
2668,461,2025-08-31T02:00:00+00:00,successful,20
2669,461,2025-09-30T02:00:00+00:00,successful,20
2670,461,2025-10-31T02:00:00+00:00,successful,20
2671,461,2025-11-30T02:00:00+00:00,failed,20
2672,461,2025-12-31T02:00:00+00:00,successful,20
2673,462,2025-08-01T04:43:21+00:00,successful,20
2674,462,2025-09-01T02:00:00+00:00,successful,20
2675,462,2025-10-01T02:00:00+00:00,successful,20
2676,462,2025-11-01T02:00:00+00:00,successful,20
2677,462,2025-12-01T02:00:00+00:00,successful,20
2678,463,2025-08-01T11:29:45+00:00,successful,20
2679,463,2025-09-01T02:00:00+00:00,successful,20
2680,463,2025-10-01T02:00:00+00:00,successful,20
2681,463,2025-11-01T02:00:00+00:00,successful,20
2682,463,2025-12-01T02:00:00+00:00,successful,20
2683,464,2025-08-01T23:47:50+00:00,successful,20
2684,465,2025-08-02T05:36:37+00:00,successful,20
2685,465,2025-09-02T02:00:00+00:00,successful,20
2686,465,2025-10-02T02:00:00+00:00,successful,20
2687,465,2025-11-02T02:00:00+00:00,successful,20
2688,465,2025-12-02T02:00:00+00:00,successful,20
2689,466,2025-08-02T06:24:40+00:00,successful,50
2690,466,2025-09-02T02:00:00+00:00,successful,50
2691,466,2025-10-02T02:00:00+00:00,successful,50
2692,466,2025-11-02T02:00:00+00:00,successful,50
2693,466,2025-12-02T02:00:00+00:00,successful,50
2694,467,2025-08-02T07:38:34+00:00,successful,216
2695,468,2025-08-02T17:19:36+00:00,successful,20
2696,468,2025-09-02T02:00:00+00:00,successful,20
2697,469,2025-08-02T17:22:25+00:00,successful,20
2698,469,2025-09-02T02:00:00+00:00,successful,20
2699,469,2025-10-02T02:00:00+00:00,successful,20
2700,469,2025-11-02T02:00:00+00:00,successful,20
2701,469,2025-12-02T02:00:00+00:00,successful,20
2702,470,2025-08-03T13:42:17+00:00,successful,20
2703,470,2025-09-03T02:00:00+00:00,successful,20
2704,470,2025-10-03T02:00:00+00:00,successful,20
2705,470,2025-11-03T02:00:00+00:00,successful,20
2706,470,2025-12-03T02:00:00+00:00,successful,20
2707,471,2025-08-03T14:25:11+00:00,successful,20
2708,471,2025-09-03T02:00:00+00:00,successful,20
2709,471,2025-10-03T02:00:00+00:00,successful,20
2710,471,2025-11-03T02:00:00+00:00,successful,20
2711,471,2025-12-03T02:00:00+00:00,successful,20
2712,472,2025-08-03T14:40:15+00:00,successful,50
2713,472,2025-09-03T02:00:00+00:00,successful,50
2714,472,2025-10-03T02:00:00+00:00,successful,50
2715,472,2025-11-03T02:00:00+00:00,successful,50
2716,472,2025-12-03T02:00:00+00:00,successful,50
2717,473,2025-08-03T21:27:51+00:00,failed,216
2718,474,2025-08-04T02:00:00+00:00,successful,20
2719,474,2025-09-04T02:00:00+00:00,successful,20
2720,474,2025-10-04T02:00:00+00:00,successful,20
2721,474,2025-11-04T02:00:00+00:00,successful,20
2722,474,2025-12-04T02:00:00+00:00,successful,20
2723,475,2025-08-04T05:11:01+00:00,successful,20
2724,475,2025-09-04T02:00:00+00:00,successful,20
2725,475,2025-10-04T02:00:00+00:00,successful,20
2726,475,2025-11-04T02:00:00+00:00,successful,20
2727,475,2025-12-04T02:00:00+00:00,successful,20
2728,476,2025-08-04T16:47:41+00:00,successful,50
2729,476,2025-09-04T02:00:00+00:00,successful,50
2730,476,2025-10-04T02:00:00+00:00,successful,50
2731,476,2025-11-04T02:00:00+00:00,successful,50
2732,476,2025-12-04T02:00:00+00:00,successful,50
2733,477,2025-08-04T17:46:39+00:00,successful,50
2734,477,2025-09-04T02:00:00+00:00,successful,50
2735,477,2025-10-04T02:00:00+00:00,successful,50
2736,477,2025-11-04T02:00:00+00:00,failed,50
2737,477,2025-12-04T02:00:00+00:00,successful,50
2738,478,2025-08-04T22:01:15+00:00,successful,50
2739,478,2025-09-04T02:00:00+00:00,successful,50
2740,478,2025-10-04T02:00:00+00:00,successful,50
2741,478,2025-11-04T02:00:00+00:00,successful,50
2742,478,2025-12-04T02:00:00+00:00,successful,50
2743,479,2025-08-05T15:18:52+00:00,successful,50
2744,479,2025-09-05T02:00:00+00:00,successful,50
2745,479,2025-10-05T02:00:00+00:00,successful,50
2746,479,2025-11-05T02:00:00+00:00,successful,50
2747,479,2025-12-05T02:00:00+00:00,successful,50
2748,480,2025-08-05T18:57:39+00:00,successful,20
2749,480,2025-09-05T02:00:00+00:00,successful,20
2750,480,2025-10-05T02:00:00+00:00,successful,20
2751,480,2025-11-05T02:00:00+00:00,successful,20
2752,481,2025-08-05T21:12:47+00:00,successful,216
2753,482,2025-08-06T00:01:48+00:00,successful,50
2754,482,2025-09-05T02:00:00+00:00,successful,50
2755,482,2025-10-05T02:00:00+00:00,successful,50
2756,482,2025-11-05T02:00:00+00:00,successful,50
2757,482,2025-12-05T02:00:00+00:00,successful,50
2758,483,2025-08-06T00:16:46+00:00,successful,20
2759,483,2025-09-05T02:00:00+00:00,successful,20
2760,483,2025-10-05T02:00:00+00:00,successful,20
2761,483,2025-11-05T02:00:00+00:00,successful,20
2762,483,2025-12-05T02:00:00+00:00,failed,20
2763,484,2025-08-06T02:00:00+00:00,successful,20
2764,484,2025-09-06T02:00:00+00:00,successful,20
2765,484,2025-10-06T02:00:00+00:00,successful,20
2766,484,2025-11-06T02:00:00+00:00,successful,20
2767,484,2025-12-06T02:00:00+00:00,successful,20
2768,485,2025-08-06T11:40:03+00:00,successful,20
2769,485,2025-09-06T02:00:00+00:00,successful,20
2770,485,2025-10-06T02:00:00+00:00,successful,20
2771,485,2025-11-06T02:00:00+00:00,successful,20
2772,485,2025-12-06T02:00:00+00:00,successful,20
2773,486,2025-08-06T16:37:35+00:00,successful,20
2774,486,2025-09-06T02:00:00+00:00,failed,20
2775,486,2025-10-06T02:00:00+00:00,successful,20
2776,486,2025-11-06T02:00:00+00:00,successful,20
2777,486,2025-12-06T02:00:00+00:00,successful,20
2778,487,2025-08-06T22:51:36+00:00,successful,50
2779,487,2025-09-06T02:00:00+00:00,successful,50
2780,487,2025-10-06T02:00:00+00:00,successful,50
2781,487,2025-11-06T02:00:00+00:00,successful,50
2782,487,2025-12-06T02:00:00+00:00,successful,50
2783,488,2025-08-07T02:00:00+00:00,successful,20
2784,488,2025-09-07T02:00:00+00:00,successful,20
2785,488,2025-10-07T02:00:00+00:00,successful,20
2786,489,2025-08-07T06:13:02+00:00,successful,216
2787,490,2025-08-07T18:39:47+00:00,successful,20
2788,490,2025-09-07T02:00:00+00:00,failed,20
2789,490,2025-10-07T02:00:00+00:00,successful,20
2790,490,2025-11-07T02:00:00+00:00,successful,20
2791,490,2025-12-07T02:00:00+00:00,successful,20
2792,491,2025-08-07T19:31:26+00:00,successful,216
2793,492,2025-08-07T19:50:18+00:00,successful,540
2794,493,2025-08-08T03:09:00+00:00,successful,20
2795,493,2025-09-08T02:00:00+00:00,successful,20
2796,493,2025-10-08T02:00:00+00:00,successful,20
2797,493,2025-11-08T02:00:00+00:00,successful,20
2798,493,2025-12-08T02:00:00+00:00,successful,20
2799,494,2025-08-08T04:18:39+00:00,successful,20
2800,494,2025-09-08T02:00:00+00:00,successful,20
2801,494,2025-10-08T02:00:00+00:00,successful,20
2802,494,2025-11-08T02:00:00+00:00,successful,20
2803,494,2025-12-08T02:00:00+00:00,failed,20
2804,495,2025-08-08T07:49:56+00:00,successful,216
2805,496,2025-08-08T18:41:24+00:00,successful,20
2806,496,2025-09-08T02:00:00+00:00,successful,20
2807,496,2025-10-08T02:00:00+00:00,successful,20
2808,496,2025-11-08T02:00:00+00:00,successful,20
2809,496,2025-12-08T02:00:00+00:00,successful,20
2810,497,2025-08-08T23:18:12+00:00,successful,20
2811,497,2025-09-08T02:00:00+00:00,successful,20
2812,497,2025-10-08T02:00:00+00:00,successful,20
2813,497,2025-11-08T02:00:00+00:00,successful,20
2814,497,2025-12-08T02:00:00+00:00,successful,20
2815,498,2025-08-09T00:15:55+00:00,successful,50
2816,498,2025-09-08T02:00:00+00:00,successful,50
2817,498,2025-10-08T02:00:00+00:00,successful,50
2818,498,2025-11-08T02:00:00+00:00,successful,50
2819,498,2025-12-08T02:00:00+00:00,failed,50
2820,499,2025-08-09T00:18:28+00:00,successful,20
2821,499,2025-09-08T02:00:00+00:00,successful,20
2822,499,2025-10-08T02:00:00+00:00,successful,20
2823,499,2025-11-08T02:00:00+00:00,successful,20
2824,499,2025-12-08T02:00:00+00:00,successful,20
2825,500,2025-08-09T00:41:35+00:00,successful,20
2826,500,2025-09-08T02:00:00+00:00,successful,20
2827,500,2025-10-08T02:00:00+00:00,successful,20
2828,500,2025-11-08T02:00:00+00:00,successful,20
2829,500,2025-12-08T02:00:00+00:00,successful,20
2830,501,2025-08-09T05:49:12+00:00,successful,20
2831,501,2025-09-09T02:00:00+00:00,successful,20
2832,501,2025-10-09T02:00:00+00:00,successful,20
2833,501,2025-11-09T02:00:00+00:00,successful,20
2834,501,2025-12-09T02:00:00+00:00,successful,20
2835,502,2025-08-09T05:53:03+00:00,successful,20
2836,502,2025-09-09T02:00:00+00:00,successful,20
2837,502,2025-10-09T02:00:00+00:00,successful,20
2838,502,2025-11-09T02:00:00+00:00,successful,20
2839,502,2025-12-09T02:00:00+00:00,successful,20
2840,503,2025-08-09T18:27:36+00:00,successful,20
2841,503,2025-09-09T02:00:00+00:00,successful,20
2842,503,2025-10-09T02:00:00+00:00,successful,20
2843,503,2025-11-09T02:00:00+00:00,successful,20
2844,503,2025-12-09T02:00:00+00:00,successful,20
2845,504,2025-08-10T05:29:32+00:00,successful,20
2846,504,2025-09-10T02:00:00+00:00,successful,20
2847,504,2025-10-10T02:00:00+00:00,failed,20
2848,504,2025-11-10T02:00:00+00:00,successful,20
2849,504,2025-12-10T02:00:00+00:00,successful,20
2850,505,2025-08-10T11:07:51+00:00,successful,50
2851,505,2025-09-10T02:00:00+00:00,successful,50
2852,505,2025-10-10T02:00:00+00:00,successful,50
2853,506,2025-08-10T11:09:49+00:00,successful,20
2854,506,2025-09-10T02:00:00+00:00,successful,20
2855,506,2025-10-10T02:00:00+00:00,successful,20
2856,506,2025-11-10T02:00:00+00:00,successful,20
2857,506,2025-12-10T02:00:00+00:00,successful,20
2858,507,2025-08-10T11:26:41+00:00,successful,20
2859,507,2025-09-10T02:00:00+00:00,successful,20
2860,507,2025-10-10T02:00:00+00:00,successful,20
2861,507,2025-11-10T02:00:00+00:00,successful,20
2862,507,2025-12-10T02:00:00+00:00,successful,20
2863,508,2025-08-10T18:44:31+00:00,failed,20
2864,508,2025-09-10T02:00:00+00:00,failed,20
2865,508,2025-10-10T02:00:00+00:00,successful,20
2866,508,2025-11-10T02:00:00+00:00,successful,20
2867,508,2025-12-10T02:00:00+00:00,successful,20
2868,509,2025-08-10T21:45:38+00:00,successful,216
2869,510,2025-08-11T04:06:33+00:00,successful,50
2870,510,2025-09-11T02:00:00+00:00,successful,50
2871,510,2025-10-11T02:00:00+00:00,successful,50
2872,510,2025-11-11T02:00:00+00:00,successful,50
2873,510,2025-12-11T02:00:00+00:00,successful,50
2874,511,2025-08-11T09:03:32+00:00,successful,20
2875,511,2025-09-11T02:00:00+00:00,successful,20
2876,511,2025-10-11T02:00:00+00:00,successful,20
2877,511,2025-11-11T02:00:00+00:00,successful,20
2878,511,2025-12-11T02:00:00+00:00,successful,20
2879,512,2025-08-12T20:56:18+00:00,successful,216
2880,513,2025-08-13T17:26:34+00:00,successful,20
2881,513,2025-09-13T02:00:00+00:00,successful,20
2882,513,2025-10-13T02:00:00+00:00,successful,20
2883,513,2025-11-13T02:00:00+00:00,successful,20
2884,513,2025-12-13T02:00:00+00:00,failed,20
2885,514,2025-08-13T18:04:47+00:00,successful,216
2886,515,2025-08-13T19:26:15+00:00,successful,20
2887,515,2025-09-13T02:00:00+00:00,successful,20
2888,515,2025-10-13T02:00:00+00:00,successful,20
2889,515,2025-11-13T02:00:00+00:00,successful,20
2890,515,2025-12-13T02:00:00+00:00,successful,20
2891,516,2025-08-13T23:02:32+00:00,successful,20
2892,516,2025-09-13T02:00:00+00:00,successful,20
2893,516,2025-10-13T02:00:00+00:00,successful,20
2894,516,2025-11-13T02:00:00+00:00,successful,20
2895,516,2025-12-13T02:00:00+00:00,successful,20
2896,517,2025-08-13T23:54:30+00:00,successful,20
2897,517,2025-09-13T02:00:00+00:00,successful,20
2898,517,2025-10-13T02:00:00+00:00,successful,20
2899,517,2025-11-13T02:00:00+00:00,failed,20
2900,517,2025-12-13T02:00:00+00:00,successful,20
2901,518,2025-08-14T03:15:50+00:00,successful,216
2902,519,2025-08-14T06:10:43+00:00,failed,50
2903,519,2025-09-14T02:00:00+00:00,successful,50
2904,519,2025-10-14T02:00:00+00:00,successful,50
2905,519,2025-11-14T02:00:00+00:00,successful,50
2906,519,2025-12-14T02:00:00+00:00,successful,50
2907,520,2025-08-14T11:23:16+00:00,successful,20
2908,520,2025-09-14T02:00:00+00:00,successful,20
2909,520,2025-10-14T02:00:00+00:00,successful,20
2910,520,2025-11-14T02:00:00+00:00,successful,20
2911,520,2025-12-14T02:00:00+00:00,successful,20
2912,521,2025-08-14T13:49:02+00:00,successful,20
2913,521,2025-09-14T02:00:00+00:00,successful,20
2914,521,2025-10-14T02:00:00+00:00,successful,20
2915,521,2025-11-14T02:00:00+00:00,successful,20
2916,521,2025-12-14T02:00:00+00:00,successful,20
2917,522,2025-08-14T16:24:00+00:00,successful,20
2918,522,2025-09-14T02:00:00+00:00,successful,20
2919,522,2025-10-14T02:00:00+00:00,successful,20
2920,522,2025-11-14T02:00:00+00:00,successful,20
2921,522,2025-12-14T02:00:00+00:00,successful,20
2922,523,2025-08-14T23:35:46+00:00,successful,20
2923,523,2025-09-14T02:00:00+00:00,successful,20
2924,523,2025-10-14T02:00:00+00:00,successful,20
2925,524,2025-08-15T02:00:00+00:00,successful,20
2926,524,2025-09-15T02:00:00+00:00,failed,20
2927,524,2025-10-15T02:00:00+00:00,successful,20
2928,524,2025-11-15T02:00:00+00:00,successful,20
2929,524,2025-12-15T02:00:00+00:00,successful,20
2930,525,2025-08-15T12:41:30+00:00,successful,216
2931,526,2025-08-16T00:04:52+00:00,successful,216
2932,527,2025-08-16T02:00:00+00:00,successful,50
2933,527,2025-09-16T02:00:00+00:00,successful,50
2934,527,2025-10-16T02:00:00+00:00,successful,50
2935,527,2025-11-16T02:00:00+00:00,successful,50
2936,527,2025-12-16T02:00:00+00:00,successful,50
2937,528,2025-08-16T02:00:00+00:00,successful,20
2938,528,2025-09-16T02:00:00+00:00,successful,20
2939,528,2025-10-16T02:00:00+00:00,successful,20
2940,528,2025-11-16T02:00:00+00:00,successful,20
2941,528,2025-12-16T02:00:00+00:00,successful,20
2942,529,2025-08-16T05:52:45+00:00,successful,50
2943,529,2025-09-16T02:00:00+00:00,successful,50
2944,529,2025-10-16T02:00:00+00:00,successful,50
2945,529,2025-11-16T02:00:00+00:00,successful,50
2946,530,2025-08-16T13:47:10+00:00,successful,20
2947,530,2025-09-16T02:00:00+00:00,successful,20
2948,530,2025-10-16T02:00:00+00:00,successful,20
2949,530,2025-11-16T02:00:00+00:00,successful,20
2950,530,2025-12-16T02:00:00+00:00,successful,20
2951,531,2025-08-16T21:19:12+00:00,successful,20
2952,531,2025-09-16T02:00:00+00:00,successful,20
2953,531,2025-10-16T02:00:00+00:00,successful,20
2954,531,2025-11-16T02:00:00+00:00,successful,20
2955,531,2025-12-16T02:00:00+00:00,successful,20
2956,532,2025-08-16T22:30:30+00:00,successful,20
2957,532,2025-09-16T02:00:00+00:00,successful,20
2958,532,2025-10-16T02:00:00+00:00,successful,20
2959,532,2025-11-16T02:00:00+00:00,successful,20
2960,532,2025-12-16T02:00:00+00:00,successful,20
2961,533,2025-08-17T02:00:00+00:00,failed,216
2962,534,2025-08-17T14:23:55+00:00,successful,20
2963,534,2025-09-17T02:00:00+00:00,successful,20
2964,534,2025-10-17T02:00:00+00:00,successful,20
2965,534,2025-11-17T02:00:00+00:00,successful,20
2966,534,2025-12-17T02:00:00+00:00,successful,20
2967,535,2025-08-17T15:26:10+00:00,successful,20
2968,535,2025-09-17T02:00:00+00:00,successful,20
2969,535,2025-10-17T02:00:00+00:00,successful,20
2970,535,2025-11-17T02:00:00+00:00,successful,20
2971,535,2025-12-17T02:00:00+00:00,successful,20
2972,536,2025-08-17T20:25:37+00:00,successful,20
2973,536,2025-09-17T02:00:00+00:00,successful,20
2974,536,2025-10-17T02:00:00+00:00,successful,20
2975,536,2025-11-17T02:00:00+00:00,successful,20
2976,536,2025-12-17T02:00:00+00:00,successful,20
2977,537,2025-08-18T14:16:12+00:00,successful,20
2978,537,2025-09-18T02:00:00+00:00,successful,20
2979,537,2025-10-18T02:00:00+00:00,successful,20
2980,537,2025-11-18T02:00:00+00:00,successful,20
2981,537,2025-12-18T02:00:00+00:00,successful,20
2982,538,2025-08-18T16:09:03+00:00,successful,20
2983,538,2025-09-18T02:00:00+00:00,successful,20
2984,538,2025-10-18T02:00:00+00:00,successful,20
2985,538,2025-11-18T02:00:00+00:00,successful,20
2986,538,2025-12-18T02:00:00+00:00,successful,20
2987,539,2025-08-18T17:48:07+00:00,successful,50
2988,539,2025-09-18T02:00:00+00:00,successful,50
2989,539,2025-10-18T02:00:00+00:00,successful,50
2990,539,2025-11-18T02:00:00+00:00,successful,50
2991,539,2025-12-18T02:00:00+00:00,successful,50
2992,540,2025-08-18T18:46:07+00:00,successful,20
2993,540,2025-09-18T02:00:00+00:00,successful,20
2994,540,2025-10-18T02:00:00+00:00,successful,20
2995,540,2025-11-18T02:00:00+00:00,successful,20
2996,540,2025-12-18T02:00:00+00:00,successful,20
2997,541,2025-08-19T03:25:23+00:00,successful,216
2998,542,2025-08-19T07:21:46+00:00,successful,20
2999,542,2025-09-19T02:00:00+00:00,successful,20
3000,542,2025-10-19T02:00:00+00:00,successful,20
3001,543,2025-08-19T07:54:14+00:00,successful,20
3002,543,2025-09-19T02:00:00+00:00,successful,20
3003,543,2025-10-19T02:00:00+00:00,successful,20
3004,543,2025-11-19T02:00:00+00:00,successful,20
3005,543,2025-12-19T02:00:00+00:00,successful,20
3006,544,2025-08-19T23:30:44+00:00,successful,20
3007,545,2025-08-20T04:00:50+00:00,successful,540
3008,546,2025-08-20T05:50:37+00:00,successful,50
3009,546,2025-09-20T02:00:00+00:00,successful,50
3010,546,2025-10-20T02:00:00+00:00,successful,50
3011,547,2025-08-20T09:12:07+00:00,failed,20
3012,547,2025-09-20T02:00:00+00:00,successful,20
3013,547,2025-10-20T02:00:00+00:00,successful,20
3014,547,2025-11-20T02:00:00+00:00,successful,20
3015,547,2025-12-20T02:00:00+00:00,successful,20
3016,548,2025-08-20T09:58:23+00:00,successful,50
3017,548,2025-09-20T02:00:00+00:00,successful,50
3018,548,2025-10-20T02:00:00+00:00,successful,50
3019,548,2025-11-20T02:00:00+00:00,successful,50
3020,548,2025-12-20T02:00:00+00:00,successful,50
3021,549,2025-08-20T21:01:49+00:00,successful,50
3022,549,2025-09-20T02:00:00+00:00,successful,50
3023,549,2025-10-20T02:00:00+00:00,successful,50
3024,549,2025-11-20T02:00:00+00:00,successful,50
3025,549,2025-12-20T02:00:00+00:00,successful,50
3026,550,2025-08-21T02:00:00+00:00,successful,20
3027,550,2025-09-21T02:00:00+00:00,successful,20
3028,550,2025-10-21T02:00:00+00:00,successful,20
3029,550,2025-11-21T02:00:00+00:00,successful,20
3030,550,2025-12-21T02:00:00+00:00,successful,20
3031,551,2025-08-21T02:00:00+00:00,successful,540
3032,552,2025-08-21T03:14:22+00:00,failed,20
3033,552,2025-09-21T02:00:00+00:00,successful,20
3034,552,2025-10-21T02:00:00+00:00,successful,20
3035,552,2025-11-21T02:00:00+00:00,successful,20
3036,553,2025-08-21T04:47:54+00:00,successful,20
3037,553,2025-09-21T02:00:00+00:00,successful,20
3038,553,2025-10-21T02:00:00+00:00,successful,20
3039,553,2025-11-21T02:00:00+00:00,successful,20
3040,554,2025-08-21T18:52:52+00:00,successful,20
3041,554,2025-09-21T02:00:00+00:00,successful,20
3042,554,2025-10-21T02:00:00+00:00,successful,20
3043,554,2025-11-21T02:00:00+00:00,successful,20
3044,554,2025-12-21T02:00:00+00:00,successful,20
3045,555,2025-08-22T02:00:00+00:00,successful,20
3046,555,2025-09-22T02:00:00+00:00,successful,20
3047,555,2025-10-22T02:00:00+00:00,successful,20
3048,555,2025-11-22T02:00:00+00:00,successful,20
3049,555,2025-12-22T02:00:00+00:00,successful,20
3050,556,2025-08-22T02:00:00+00:00,successful,216
3051,557,2025-08-22T04:18:46+00:00,successful,216
3052,558,2025-08-22T07:05:21+00:00,successful,540
3053,559,2025-08-22T09:18:41+00:00,successful,20
3054,559,2025-09-22T02:00:00+00:00,successful,20
3055,559,2025-10-22T02:00:00+00:00,successful,20
3056,559,2025-11-22T02:00:00+00:00,successful,20
3057,559,2025-12-22T02:00:00+00:00,successful,20
3058,560,2025-08-22T11:51:58+00:00,successful,20
3059,560,2025-09-22T02:00:00+00:00,successful,20
3060,560,2025-10-22T02:00:00+00:00,successful,20
3061,560,2025-11-22T02:00:00+00:00,successful,20
3062,560,2025-12-22T02:00:00+00:00,successful,20
3063,561,2025-08-22T15:21:23+00:00,successful,50
3064,561,2025-09-22T02:00:00+00:00,successful,50
3065,561,2025-10-22T02:00:00+00:00,successful,50
3066,561,2025-11-22T02:00:00+00:00,successful,50
3067,561,2025-12-22T02:00:00+00:00,successful,50
3068,562,2025-08-22T20:09:07+00:00,successful,50
3069,562,2025-09-22T02:00:00+00:00,successful,50
3070,562,2025-10-22T02:00:00+00:00,successful,50
3071,562,2025-11-22T02:00:00+00:00,successful,50
3072,562,2025-12-22T02:00:00+00:00,successful,50
3073,563,2025-08-22T22:23:55+00:00,successful,20
3074,563,2025-09-22T02:00:00+00:00,successful,20
3075,563,2025-10-22T02:00:00+00:00,successful,20
3076,563,2025-11-22T02:00:00+00:00,successful,20
3077,564,2025-08-23T06:03:13+00:00,successful,20
3078,564,2025-09-23T02:00:00+00:00,successful,20
3079,564,2025-10-23T02:00:00+00:00,successful,20
3080,564,2025-11-23T02:00:00+00:00,failed,20
3081,564,2025-12-23T02:00:00+00:00,successful,20
3082,565,2025-08-23T08:09:03+00:00,successful,20
3083,565,2025-09-23T02:00:00+00:00,successful,20
3084,565,2025-10-23T02:00:00+00:00,successful,20
3085,565,2025-11-23T02:00:00+00:00,successful,20
3086,565,2025-12-23T02:00:00+00:00,successful,20
3087,566,2025-08-23T12:27:46+00:00,successful,216
3088,567,2025-08-23T17:40:53+00:00,successful,50
3089,567,2025-09-23T02:00:00+00:00,successful,50
3090,567,2025-10-23T02:00:00+00:00,successful,50
3091,567,2025-11-23T02:00:00+00:00,successful,50
3092,567,2025-12-23T02:00:00+00:00,successful,50
3093,568,2025-08-24T02:00:00+00:00,successful,50
3094,568,2025-09-24T02:00:00+00:00,successful,50
3095,568,2025-10-24T02:00:00+00:00,successful,50
3096,568,2025-11-24T02:00:00+00:00,successful,50
3097,568,2025-12-24T02:00:00+00:00,successful,50
3098,569,2025-08-24T06:56:01+00:00,successful,20
3099,569,2025-09-24T02:00:00+00:00,successful,20
3100,569,2025-10-24T02:00:00+00:00,successful,20
3101,569,2025-11-24T02:00:00+00:00,successful,20
3102,569,2025-12-24T02:00:00+00:00,successful,20
3103,570,2025-08-24T11:25:39+00:00,successful,50
3104,570,2025-09-24T02:00:00+00:00,successful,50
3105,570,2025-10-24T02:00:00+00:00,successful,50
3106,570,2025-11-24T02:00:00+00:00,successful,50
3107,570,2025-12-24T02:00:00+00:00,successful,50
3108,571,2025-08-24T13:33:43+00:00,successful,20
3109,571,2025-09-24T02:00:00+00:00,successful,20
3110,571,2025-10-24T02:00:00+00:00,successful,20
3111,571,2025-11-24T02:00:00+00:00,successful,20
3112,571,2025-12-24T02:00:00+00:00,successful,20
3113,572,2025-08-24T18:13:13+00:00,successful,20
3114,572,2025-09-24T02:00:00+00:00,successful,20
3115,572,2025-10-24T02:00:00+00:00,successful,20
3116,572,2025-11-24T02:00:00+00:00,successful,20
3117,572,2025-12-24T02:00:00+00:00,successful,20
3118,573,2025-08-24T23:38:59+00:00,successful,20
3119,574,2025-08-25T05:22:18+00:00,successful,50
3120,574,2025-09-25T02:00:00+00:00,successful,50
3121,574,2025-10-25T02:00:00+00:00,successful,50
3122,574,2025-11-25T02:00:00+00:00,successful,50
3123,574,2025-12-25T02:00:00+00:00,successful,50
3124,575,2025-08-25T05:23:25+00:00,successful,20
3125,575,2025-09-25T02:00:00+00:00,successful,20
3126,575,2025-10-25T02:00:00+00:00,successful,20
3127,575,2025-11-25T02:00:00+00:00,successful,20
3128,575,2025-12-25T02:00:00+00:00,failed,20
3129,576,2025-08-25T13:20:31+00:00,successful,20
3130,576,2025-09-25T02:00:00+00:00,successful,20
3131,576,2025-10-25T02:00:00+00:00,successful,20
3132,576,2025-11-25T02:00:00+00:00,successful,20
3133,576,2025-12-25T02:00:00+00:00,successful,20
3134,577,2025-08-25T16:08:32+00:00,successful,20
3135,577,2025-09-25T02:00:00+00:00,successful,20
3136,577,2025-10-25T02:00:00+00:00,successful,20
3137,577,2025-11-25T02:00:00+00:00,successful,20
3138,577,2025-12-25T02:00:00+00:00,successful,20
3139,578,2025-08-25T17:08:28+00:00,successful,20
3140,578,2025-09-25T02:00:00+00:00,successful,20
3141,578,2025-10-25T02:00:00+00:00,successful,20
3142,578,2025-11-25T02:00:00+00:00,successful,20
3143,579,2025-08-25T23:17:18+00:00,successful,216
3144,580,2025-08-26T08:42:07+00:00,successful,216
3145,581,2025-08-26T10:38:14+00:00,successful,50
3146,581,2025-09-26T02:00:00+00:00,successful,50
3147,581,2025-10-26T02:00:00+00:00,successful,50
3148,581,2025-11-26T02:00:00+00:00,successful,50
3149,581,2025-12-26T02:00:00+00:00,successful,50
3150,582,2025-08-26T16:11:31+00:00,successful,20
3151,582,2025-09-26T02:00:00+00:00,successful,20
3152,582,2025-10-26T02:00:00+00:00,successful,20
3153,582,2025-11-26T02:00:00+00:00,successful,20
3154,582,2025-12-26T02:00:00+00:00,successful,20
3155,583,2025-08-27T04:08:17+00:00,successful,216
3156,584,2025-08-27T05:38:06+00:00,successful,20
3157,584,2025-09-27T02:00:00+00:00,successful,20
3158,584,2025-10-27T02:00:00+00:00,successful,20
3159,584,2025-11-27T02:00:00+00:00,successful,20
3160,584,2025-12-27T02:00:00+00:00,successful,20
3161,585,2025-08-27T07:45:48+00:00,successful,50
3162,585,2025-09-27T02:00:00+00:00,successful,50
3163,585,2025-10-27T02:00:00+00:00,successful,50
3164,585,2025-11-27T02:00:00+00:00,successful,50
3165,585,2025-12-27T02:00:00+00:00,successful,50
3166,586,2025-08-27T09:52:24+00:00,failed,20
3167,586,2025-09-27T02:00:00+00:00,successful,20
3168,586,2025-10-27T02:00:00+00:00,successful,20
3169,586,2025-11-27T02:00:00+00:00,successful,20
3170,586,2025-12-27T02:00:00+00:00,successful,20
3171,587,2025-08-27T09:05:21+00:00,successful,216
3172,588,2025-08-27T16:54:44+00:00,successful,20
3173,588,2025-09-27T02:00:00+00:00,successful,20
3174,588,2025-10-27T02:00:00+00:00,successful,20
3175,588,2025-11-27T02:00:00+00:00,successful,20
3176,588,2025-12-27T02:00:00+00:00,successful,20
3177,589,2025-08-27T23:52:17+00:00,successful,20
3178,589,2025-09-27T02:00:00+00:00,successful,20
3179,589,2025-10-27T02:00:00+00:00,successful,20
3180,589,2025-11-27T02:00:00+00:00,successful,20
3181,589,2025-12-27T02:00:00+00:00,successful,20
3182,590,2025-08-28T05:19:44+00:00,successful,20
3183,590,2025-09-28T02:00:00+00:00,successful,20
3184,590,2025-10-28T02:00:00+00:00,successful,20
3185,590,2025-11-28T02:00:00+00:00,successful,20
3186,590,2025-12-28T02:00:00+00:00,successful,20
3187,591,2025-08-28T08:21:41+00:00,successful,216
3188,592,2025-08-28T11:01:49+00:00,successful,50
3189,592,2025-09-28T02:00:00+00:00,successful,50
3190,592,2025-10-28T02:00:00+00:00,successful,50
3191,592,2025-11-28T02:00:00+00:00,successful,50
3192,592,2025-12-28T02:00:00+00:00,successful,50
3193,593,2025-08-28T16:28:20+00:00,successful,50
3194,593,2025-09-28T02:00:00+00:00,successful,50
3195,593,2025-10-28T02:00:00+00:00,successful,50
3196,593,2025-11-28T02:00:00+00:00,successful,50
3197,593,2025-12-28T02:00:00+00:00,successful,50
3198,594,2025-08-28T18:18:40+00:00,successful,20
3199,595,2025-08-28T22:56:53+00:00,successful,20
3200,595,2025-09-28T02:00:00+00:00,successful,20
3201,595,2025-10-28T02:00:00+00:00,successful,20
3202,595,2025-11-28T02:00:00+00:00,successful,20
3203,595,2025-12-28T02:00:00+00:00,successful,20
3204,596,2025-08-29T02:00:00+00:00,successful,20
3205,596,2025-09-29T02:00:00+00:00,successful,20
3206,596,2025-10-29T02:00:00+00:00,successful,20
3207,596,2025-11-29T02:00:00+00:00,successful,20
3208,596,2025-12-29T02:00:00+00:00,successful,20
3209,597,2025-08-29T02:00:00+00:00,successful,20
3210,597,2025-09-29T02:00:00+00:00,successful,20
3211,597,2025-10-29T02:00:00+00:00,failed,20
3212,597,2025-11-29T02:00:00+00:00,successful,20
3213,597,2025-12-29T02:00:00+00:00,failed,20
3214,598,2025-08-29T16:22:48+00:00,successful,50
3215,599,2025-08-29T20:34:52+00:00,successful,20
3216,599,2025-09-29T02:00:00+00:00,successful,20
3217,599,2025-10-29T02:00:00+00:00,successful,20
3218,599,2025-11-29T02:00:00+00:00,successful,20
3219,599,2025-12-29T02:00:00+00:00,successful,20
3220,600,2025-08-29T21:33:34+00:00,successful,20
3221,600,2025-09-29T02:00:00+00:00,successful,20
3222,600,2025-10-29T02:00:00+00:00,successful,20
3223,600,2025-11-29T02:00:00+00:00,successful,20
3224,600,2025-12-29T02:00:00+00:00,successful,20
3225,601,2025-08-29T20:44:58+00:00,successful,216
3226,602,2025-08-30T05:41:11+00:00,successful,20
3227,603,2025-08-30T11:10:40+00:00,failed,20
3228,603,2025-09-30T02:00:00+00:00,successful,20
3229,603,2025-10-30T02:00:00+00:00,successful,20
3230,603,2025-11-30T02:00:00+00:00,failed,20
3231,603,2025-12-30T02:00:00+00:00,successful,20
3232,604,2025-08-30T11:38:03+00:00,successful,20
3233,604,2025-09-30T02:00:00+00:00,successful,20
3234,604,2025-10-30T02:00:00+00:00,successful,20
3235,604,2025-11-30T02:00:00+00:00,successful,20
3236,604,2025-12-30T02:00:00+00:00,successful,20
3237,605,2025-08-30T17:34:41+00:00,successful,540
3238,606,2025-08-30T22:30:58+00:00,failed,20
3239,606,2025-09-30T02:00:00+00:00,successful,20
3240,606,2025-10-30T02:00:00+00:00,successful,20
3241,606,2025-11-30T02:00:00+00:00,successful,20
3242,606,2025-12-30T02:00:00+00:00,successful,20
3243,607,2025-08-30T23:01:02+00:00,successful,50
3244,607,2025-09-30T02:00:00+00:00,successful,50
3245,607,2025-10-30T02:00:00+00:00,successful,50
3246,607,2025-11-30T02:00:00+00:00,successful,50
3247,607,2025-12-30T02:00:00+00:00,successful,50
3248,608,2025-08-31T06:35:47+00:00,successful,20
3249,608,2025-09-30T02:00:00+00:00,successful,20
3250,608,2025-10-31T02:00:00+00:00,successful,20
3251,608,2025-11-30T02:00:00+00:00,successful,20
3252,608,2025-12-31T02:00:00+00:00,successful,20
3253,609,2025-08-31T10:13:33+00:00,successful,20
3254,609,2025-09-30T02:00:00+00:00,successful,20
3255,609,2025-10-31T02:00:00+00:00,successful,20
3256,609,2025-11-30T02:00:00+00:00,successful,20
3257,609,2025-12-31T02:00:00+00:00,successful,20
3258,610,2025-08-31T11:52:37+00:00,successful,216
3259,611,2025-08-31T20:12:36+00:00,successful,50
3260,611,2025-09-30T02:00:00+00:00,successful,50
3261,611,2025-10-31T02:00:00+00:00,successful,50
3262,611,2025-11-30T02:00:00+00:00,successful,50
3263,612,2025-08-31T23:41:38+00:00,successful,216
3264,613,2025-09-01T02:00:00+00:00,successful,20
3265,613,2025-10-01T02:00:00+00:00,successful,20
3266,613,2025-11-01T02:00:00+00:00,failed,20
3267,613,2025-12-01T02:00:00+00:00,successful,20
3268,614,2025-09-01T03:52:09+00:00,successful,50
3269,614,2025-10-01T02:00:00+00:00,successful,50
3270,614,2025-11-01T02:00:00+00:00,successful,50
3271,614,2025-12-01T02:00:00+00:00,successful,50
3272,615,2025-09-01T06:12:56+00:00,successful,20
3273,615,2025-10-01T02:00:00+00:00,successful,20
3274,615,2025-11-01T02:00:00+00:00,successful,20
3275,615,2025-12-01T02:00:00+00:00,successful,20
3276,616,2025-09-01T07:33:55+00:00,successful,20
3277,616,2025-10-01T02:00:00+00:00,successful,20
3278,616,2025-11-01T02:00:00+00:00,successful,20
3279,616,2025-12-01T02:00:00+00:00,successful,20
3280,617,2025-09-01T12:05:44+00:00,failed,20
3281,617,2025-10-01T02:00:00+00:00,successful,20
3282,617,2025-11-01T02:00:00+00:00,successful,20
3283,617,2025-12-01T02:00:00+00:00,successful,20
3284,618,2025-09-01T16:02:32+00:00,successful,216
3285,619,2025-09-01T17:47:03+00:00,successful,20
3286,619,2025-10-01T02:00:00+00:00,successful,20
3287,619,2025-11-01T02:00:00+00:00,successful,20
3288,619,2025-12-01T02:00:00+00:00,failed,20
3289,620,2025-09-01T19:48:19+00:00,successful,20
3290,620,2025-10-01T02:00:00+00:00,successful,20
3291,620,2025-11-01T02:00:00+00:00,successful,20
3292,620,2025-12-01T02:00:00+00:00,successful,20
3293,621,2025-09-02T02:00:00+00:00,successful,50
3294,621,2025-10-02T02:00:00+00:00,successful,50
3295,621,2025-11-02T02:00:00+00:00,successful,50
3296,621,2025-12-02T02:00:00+00:00,successful,50
3297,622,2025-09-02T06:40:31+00:00,successful,50
3298,622,2025-10-02T02:00:00+00:00,successful,50
3299,623,2025-09-02T09:43:01+00:00,successful,216
3300,624,2025-09-02T18:14:03+00:00,successful,216
3301,625,2025-09-03T06:04:28+00:00,successful,540
3302,626,2025-09-03T07:20:31+00:00,successful,20
3303,626,2025-10-03T02:00:00+00:00,successful,20
3304,626,2025-11-03T02:00:00+00:00,successful,20
3305,626,2025-12-03T02:00:00+00:00,successful,20
3306,627,2025-09-03T09:06:12+00:00,successful,20
3307,627,2025-10-03T02:00:00+00:00,successful,20
3308,627,2025-11-03T02:00:00+00:00,successful,20
3309,627,2025-12-03T02:00:00+00:00,successful,20
3310,628,2025-09-03T16:42:08+00:00,successful,20
3311,628,2025-10-03T02:00:00+00:00,successful,20
3312,628,2025-11-03T02:00:00+00:00,successful,20
3313,628,2025-12-03T02:00:00+00:00,successful,20
3314,629,2025-09-04T02:00:00+00:00,successful,216
3315,630,2025-09-04T06:49:37+00:00,successful,20
3316,630,2025-10-04T02:00:00+00:00,successful,20
3317,630,2025-11-04T02:00:00+00:00,successful,20
3318,630,2025-12-04T02:00:00+00:00,successful,20
3319,631,2025-09-04T12:18:29+00:00,successful,216
3320,632,2025-09-04T19:42:31+00:00,successful,50
3321,632,2025-10-04T02:00:00+00:00,successful,50
3322,632,2025-11-04T02:00:00+00:00,successful,50
3323,632,2025-12-04T02:00:00+00:00,successful,50
3324,633,2025-09-04T23:19:34+00:00,successful,216
3325,634,2025-09-05T03:49:32+00:00,successful,20
3326,634,2025-10-05T02:00:00+00:00,successful,20
3327,634,2025-11-05T02:00:00+00:00,successful,20
3328,634,2025-12-05T02:00:00+00:00,successful,20
3329,635,2025-09-05T17:48:15+00:00,successful,50
3330,635,2025-10-05T02:00:00+00:00,successful,50
3331,636,2025-09-05T22:46:11+00:00,successful,216
3332,637,2025-09-05T23:44:42+00:00,successful,20
3333,637,2025-10-05T02:00:00+00:00,successful,20
3334,637,2025-11-05T02:00:00+00:00,successful,20
3335,637,2025-12-05T02:00:00+00:00,successful,20
3336,638,2025-09-06T06:36:36+00:00,failed,20
3337,638,2025-10-06T02:00:00+00:00,successful,20
3338,638,2025-11-06T02:00:00+00:00,successful,20
3339,638,2025-12-06T02:00:00+00:00,successful,20
3340,639,2025-09-06T07:14:02+00:00,successful,50
3341,639,2025-10-06T02:00:00+00:00,successful,50
3342,639,2025-11-06T02:00:00+00:00,successful,50
3343,639,2025-12-06T02:00:00+00:00,successful,50
3344,640,2025-09-06T10:06:30+00:00,successful,50
3345,640,2025-10-06T02:00:00+00:00,successful,50
3346,640,2025-11-06T02:00:00+00:00,successful,50
3347,640,2025-12-06T02:00:00+00:00,successful,50
3348,641,2025-09-06T14:31:08+00:00,successful,50
3349,641,2025-10-06T02:00:00+00:00,successful,50
3350,641,2025-11-06T02:00:00+00:00,successful,50
3351,641,2025-12-06T02:00:00+00:00,successful,50
3352,642,2025-09-06T18:25:32+00:00,successful,50
3353,642,2025-10-06T02:00:00+00:00,successful,50
3354,642,2025-11-06T02:00:00+00:00,successful,50
3355,642,2025-12-06T02:00:00+00:00,successful,50
3356,643,2025-09-06T22:42:04+00:00,successful,20
3357,643,2025-10-06T02:00:00+00:00,successful,20
3358,643,2025-11-06T02:00:00+00:00,successful,20
3359,643,2025-12-06T02:00:00+00:00,successful,20
3360,644,2025-09-07T00:04:35+00:00,successful,50
3361,644,2025-10-06T02:00:00+00:00,successful,50
3362,644,2025-11-06T02:00:00+00:00,failed,50
3363,644,2025-12-06T02:00:00+00:00,successful,50
3364,645,2025-09-07T02:00:00+00:00,successful,20
3365,645,2025-10-07T02:00:00+00:00,successful,20
3366,645,2025-11-07T02:00:00+00:00,successful,20
3367,645,2025-12-07T02:00:00+00:00,successful,20
3368,646,2025-09-07T05:51:47+00:00,successful,20
3369,646,2025-10-07T02:00:00+00:00,successful,20
3370,646,2025-11-07T02:00:00+00:00,successful,20
3371,646,2025-12-07T02:00:00+00:00,successful,20
3372,647,2025-09-08T16:50:49+00:00,successful,20
3373,647,2025-10-08T02:00:00+00:00,successful,20
3374,647,2025-11-08T02:00:00+00:00,successful,20
3375,647,2025-12-08T02:00:00+00:00,successful,20
3376,648,2025-09-08T16:24:21+00:00,successful,216
3377,649,2025-09-08T18:03:53+00:00,successful,50
3378,649,2025-10-08T02:00:00+00:00,successful,50
3379,649,2025-11-08T02:00:00+00:00,successful,50
3380,649,2025-12-08T02:00:00+00:00,successful,50
3381,650,2025-09-08T19:34:13+00:00,successful,50
3382,650,2025-10-08T02:00:00+00:00,successful,50
3383,651,2025-09-08T21:21:47+00:00,successful,540
3384,652,2025-09-09T00:41:54+00:00,successful,50
3385,652,2025-10-08T02:00:00+00:00,successful,50
3386,652,2025-11-08T02:00:00+00:00,successful,50
3387,652,2025-12-08T02:00:00+00:00,successful,50
3388,653,2025-09-09T02:00:00+00:00,successful,20
3389,653,2025-10-09T02:00:00+00:00,successful,20
3390,653,2025-11-09T02:00:00+00:00,successful,20
3391,653,2025-12-09T02:00:00+00:00,successful,20
3392,654,2025-09-09T02:24:19+00:00,failed,540
3393,655,2025-09-09T03:25:32+00:00,successful,20
3394,655,2025-10-09T02:00:00+00:00,successful,20
3395,655,2025-11-09T02:00:00+00:00,successful,20
3396,656,2025-09-10T00:16:37+00:00,successful,50
3397,656,2025-10-09T02:00:00+00:00,successful,50
3398,656,2025-11-09T02:00:00+00:00,successful,50
3399,656,2025-12-09T02:00:00+00:00,successful,50
3400,657,2025-09-10T02:00:00+00:00,successful,216
3401,658,2025-09-10T02:00:00+00:00,successful,20
3402,658,2025-10-10T02:00:00+00:00,successful,20
3403,658,2025-11-10T02:00:00+00:00,successful,20
3404,658,2025-12-10T02:00:00+00:00,successful,20
3405,659,2025-09-10T06:07:23+00:00,successful,20
3406,659,2025-10-10T02:00:00+00:00,successful,20
3407,659,2025-11-10T02:00:00+00:00,successful,20
3408,659,2025-12-10T02:00:00+00:00,successful,20
3409,660,2025-09-10T13:30:31+00:00,successful,20
3410,660,2025-10-10T02:00:00+00:00,successful,20
3411,660,2025-11-10T02:00:00+00:00,successful,20
3412,660,2025-12-10T02:00:00+00:00,successful,20
3413,661,2025-09-10T23:37:09+00:00,successful,20
3414,661,2025-10-10T02:00:00+00:00,successful,20
3415,661,2025-11-10T02:00:00+00:00,successful,20
3416,661,2025-12-10T02:00:00+00:00,successful,20
3417,662,2025-09-11T00:49:28+00:00,failed,20
3418,663,2025-09-11T03:35:59+00:00,successful,20
3419,663,2025-10-11T02:00:00+00:00,successful,20
3420,663,2025-11-11T02:00:00+00:00,successful,20
3421,663,2025-12-11T02:00:00+00:00,successful,20
3422,664,2025-09-11T06:56:24+00:00,successful,20
3423,664,2025-10-11T02:00:00+00:00,successful,20
3424,664,2025-11-11T02:00:00+00:00,successful,20
3425,664,2025-12-11T02:00:00+00:00,successful,20
3426,665,2025-09-11T08:20:20+00:00,successful,20
3427,666,2025-09-11T08:50:14+00:00,successful,20
3428,666,2025-10-11T02:00:00+00:00,successful,20
3429,667,2025-09-11T09:40:20+00:00,successful,20
3430,667,2025-10-11T02:00:00+00:00,successful,20
3431,667,2025-11-11T02:00:00+00:00,successful,20
3432,667,2025-12-11T02:00:00+00:00,successful,20
3433,668,2025-09-11T13:46:36+00:00,successful,20
3434,668,2025-10-11T02:00:00+00:00,successful,20
3435,668,2025-11-11T02:00:00+00:00,successful,20
3436,668,2025-12-11T02:00:00+00:00,successful,20
3437,669,2025-09-11T17:26:33+00:00,successful,20
3438,669,2025-10-11T02:00:00+00:00,successful,20
3439,669,2025-11-11T02:00:00+00:00,successful,20
3440,670,2025-09-11T18:44:15+00:00,successful,20
3441,670,2025-10-11T02:00:00+00:00,successful,20
3442,671,2025-09-11T22:07:17+00:00,successful,540
3443,672,2025-09-11T22:46:58+00:00,successful,540
3444,673,2025-09-12T02:00:00+00:00,successful,216
3445,674,2025-09-12T05:49:06+00:00,successful,20
3446,674,2025-10-12T02:00:00+00:00,successful,20
3447,674,2025-11-12T02:00:00+00:00,successful,20
3448,674,2025-12-12T02:00:00+00:00,successful,20
3449,675,2025-09-12T10:08:06+00:00,successful,50
3450,675,2025-10-12T02:00:00+00:00,successful,50
3451,675,2025-11-12T02:00:00+00:00,successful,50
3452,675,2025-12-12T02:00:00+00:00,successful,50
3453,676,2025-09-12T11:57:17+00:00,successful,216
3454,677,2025-09-12T18:20:17+00:00,successful,50
3455,677,2025-10-12T02:00:00+00:00,successful,50
3456,677,2025-11-12T02:00:00+00:00,successful,50
3457,677,2025-12-12T02:00:00+00:00,successful,50
3458,678,2025-09-12T18:35:30+00:00,failed,50
3459,678,2025-10-12T02:00:00+00:00,successful,50
3460,678,2025-11-12T02:00:00+00:00,successful,50
3461,678,2025-12-12T02:00:00+00:00,successful,50
3462,679,2025-09-13T08:05:29+00:00,successful,20
3463,679,2025-10-13T02:00:00+00:00,successful,20
3464,679,2025-11-13T02:00:00+00:00,successful,20
3465,679,2025-12-13T02:00:00+00:00,successful,20
3466,680,2025-09-13T08:33:25+00:00,successful,20
3467,680,2025-10-13T02:00:00+00:00,successful,20
3468,680,2025-11-13T02:00:00+00:00,successful,20
3469,680,2025-12-13T02:00:00+00:00,successful,20
3470,681,2025-09-13T17:48:40+00:00,successful,20
3471,682,2025-09-14T02:00:00+00:00,successful,20
3472,682,2025-10-14T02:00:00+00:00,successful,20
3473,682,2025-11-14T02:00:00+00:00,successful,20
3474,682,2025-12-14T02:00:00+00:00,successful,20
3475,683,2025-09-14T03:43:27+00:00,successful,20
3476,683,2025-10-14T02:00:00+00:00,successful,20
3477,683,2025-11-14T02:00:00+00:00,successful,20
3478,683,2025-12-14T02:00:00+00:00,successful,20
3479,684,2025-09-14T04:26:09+00:00,failed,20
3480,684,2025-10-14T02:00:00+00:00,successful,20
3481,684,2025-11-14T02:00:00+00:00,successful,20
3482,684,2025-12-14T02:00:00+00:00,successful,20
3483,685,2025-09-14T07:54:04+00:00,failed,20
3484,685,2025-10-14T02:00:00+00:00,successful,20
3485,685,2025-11-14T02:00:00+00:00,successful,20
3486,685,2025-12-14T02:00:00+00:00,successful,20
3487,686,2025-09-14T17:40:40+00:00,successful,20
3488,686,2025-10-14T02:00:00+00:00,successful,20
3489,686,2025-11-14T02:00:00+00:00,successful,20
3490,686,2025-12-14T02:00:00+00:00,successful,20
3491,687,2025-09-15T03:46:32+00:00,successful,20
3492,687,2025-10-15T02:00:00+00:00,successful,20
3493,687,2025-11-15T02:00:00+00:00,successful,20
3494,687,2025-12-15T02:00:00+00:00,successful,20
3495,688,2025-09-15T03:44:55+00:00,successful,216
3496,689,2025-09-15T04:44:33+00:00,successful,20
3497,689,2025-10-15T02:00:00+00:00,successful,20
3498,689,2025-11-15T02:00:00+00:00,successful,20
3499,689,2025-12-15T02:00:00+00:00,successful,20
3500,690,2025-09-15T11:35:06+00:00,successful,20
3501,691,2025-09-15T10:44:42+00:00,successful,216
3502,692,2025-09-15T13:01:19+00:00,successful,216
3503,693,2025-09-15T15:22:49+00:00,successful,20
3504,693,2025-10-15T02:00:00+00:00,successful,20
3505,693,2025-11-15T02:00:00+00:00,successful,20
3506,694,2025-09-16T17:05:44+00:00,successful,216
3507,695,2025-09-16T19:05:48+00:00,successful,540
3508,696,2025-09-17T05:56:19+00:00,successful,20
3509,696,2025-10-17T02:00:00+00:00,successful,20
3510,696,2025-11-17T02:00:00+00:00,successful,20
3511,696,2025-12-17T02:00:00+00:00,successful,20
3512,697,2025-09-17T12:43:36+00:00,successful,216
3513,698,2025-09-17T14:30:34+00:00,successful,20
3514,698,2025-10-17T02:00:00+00:00,successful,20
3515,698,2025-11-17T02:00:00+00:00,successful,20
3516,698,2025-12-17T02:00:00+00:00,successful,20
3517,699,2025-09-17T19:38:21+00:00,successful,216
3518,700,2025-09-18T02:00:00+00:00,successful,20
3519,700,2025-10-18T02:00:00+00:00,successful,20
3520,700,2025-11-18T02:00:00+00:00,successful,20
3521,700,2025-12-18T02:00:00+00:00,successful,20
3522,701,2025-09-18T14:47:06+00:00,successful,50
3523,701,2025-10-18T02:00:00+00:00,successful,50
3524,701,2025-11-18T02:00:00+00:00,successful,50
3525,701,2025-12-18T02:00:00+00:00,successful,50
3526,702,2025-09-18T21:13:12+00:00,successful,20
3527,702,2025-10-18T02:00:00+00:00,successful,20
3528,702,2025-11-18T02:00:00+00:00,successful,20
3529,702,2025-12-18T02:00:00+00:00,successful,20
3530,703,2025-09-18T23:43:12+00:00,successful,216
3531,704,2025-09-19T04:25:32+00:00,successful,540
3532,705,2025-09-19T22:45:26+00:00,failed,20
3533,705,2025-10-19T02:00:00+00:00,successful,20
3534,705,2025-11-19T02:00:00+00:00,successful,20
3535,705,2025-12-19T02:00:00+00:00,successful,20
3536,706,2025-09-19T22:55:09+00:00,successful,20
3537,706,2025-10-19T02:00:00+00:00,successful,20
3538,706,2025-11-19T02:00:00+00:00,successful,20
3539,706,2025-12-19T02:00:00+00:00,successful,20
3540,707,2025-09-20T02:00:00+00:00,successful,20
3541,707,2025-10-20T02:00:00+00:00,successful,20
3542,707,2025-11-20T02:00:00+00:00,successful,20
3543,707,2025-12-20T02:00:00+00:00,successful,20
3544,708,2025-09-20T02:00:00+00:00,successful,50
3545,708,2025-10-20T02:00:00+00:00,successful,50
3546,708,2025-11-20T02:00:00+00:00,successful,50
3547,708,2025-12-20T02:00:00+00:00,successful,50
3548,709,2025-09-20T05:00:53+00:00,successful,216
3549,710,2025-09-20T09:00:29+00:00,successful,20
3550,710,2025-10-20T02:00:00+00:00,successful,20
3551,710,2025-11-20T02:00:00+00:00,successful,20
3552,710,2025-12-20T02:00:00+00:00,successful,20
3553,711,2025-09-20T09:11:35+00:00,successful,50
3554,711,2025-10-20T02:00:00+00:00,successful,50
3555,711,2025-11-20T02:00:00+00:00,successful,50
3556,711,2025-12-20T02:00:00+00:00,successful,50
3557,712,2025-09-20T09:33:02+00:00,successful,20
3558,712,2025-10-20T02:00:00+00:00,successful,20
3559,712,2025-11-20T02:00:00+00:00,successful,20
3560,712,2025-12-20T02:00:00+00:00,successful,20
3561,713,2025-09-20T12:19:21+00:00,successful,20
3562,713,2025-10-20T02:00:00+00:00,failed,20
3563,713,2025-11-20T02:00:00+00:00,successful,20
3564,713,2025-12-20T02:00:00+00:00,successful,20
3565,714,2025-09-20T18:30:54+00:00,successful,216
3566,715,2025-09-21T02:00:00+00:00,successful,20
3567,715,2025-10-21T02:00:00+00:00,successful,20
3568,715,2025-11-21T02:00:00+00:00,failed,20
3569,715,2025-12-21T02:00:00+00:00,successful,20
3570,716,2025-09-21T03:33:16+00:00,successful,20
3571,716,2025-10-21T02:00:00+00:00,successful,20
3572,716,2025-11-21T02:00:00+00:00,successful,20
3573,716,2025-12-21T02:00:00+00:00,successful,20
3574,717,2025-09-21T05:00:10+00:00,successful,216
3575,718,2025-09-21T13:42:31+00:00,successful,20
3576,718,2025-10-21T02:00:00+00:00,successful,20
3577,718,2025-11-21T02:00:00+00:00,successful,20
3578,718,2025-12-21T02:00:00+00:00,successful,20
3579,719,2025-09-21T15:39:28+00:00,successful,20
3580,719,2025-10-21T02:00:00+00:00,successful,20
3581,720,2025-09-21T16:36:38+00:00,successful,50
3582,720,2025-10-21T02:00:00+00:00,successful,50
3583,720,2025-11-21T02:00:00+00:00,successful,50
3584,720,2025-12-21T02:00:00+00:00,successful,50
3585,721,2025-09-21T18:53:10+00:00,successful,20
3586,721,2025-10-21T02:00:00+00:00,successful,20
3587,721,2025-11-21T02:00:00+00:00,successful,20
3588,721,2025-12-21T02:00:00+00:00,successful,20
3589,722,2025-09-21T21:42:07+00:00,successful,540
3590,723,2025-09-21T23:44:28+00:00,successful,20
3591,723,2025-10-21T02:00:00+00:00,successful,20
3592,723,2025-11-21T02:00:00+00:00,successful,20
3593,723,2025-12-21T02:00:00+00:00,successful,20
3594,724,2025-09-22T03:02:53+00:00,successful,20
3595,724,2025-10-22T02:00:00+00:00,successful,20
3596,724,2025-11-22T02:00:00+00:00,successful,20
3597,724,2025-12-22T02:00:00+00:00,successful,20
3598,725,2025-09-22T04:30:04+00:00,successful,50
3599,726,2025-09-22T04:55:14+00:00,successful,20
3600,726,2025-10-22T02:00:00+00:00,successful,20
3601,726,2025-11-22T02:00:00+00:00,successful,20
3602,726,2025-12-22T02:00:00+00:00,successful,20
3603,727,2025-09-22T08:52:06+00:00,successful,20
3604,727,2025-10-22T02:00:00+00:00,successful,20
3605,727,2025-11-22T02:00:00+00:00,successful,20
3606,727,2025-12-22T02:00:00+00:00,successful,20
3607,728,2025-09-22T23:25:02+00:00,failed,20
3608,728,2025-10-22T02:00:00+00:00,successful,20
3609,728,2025-11-22T02:00:00+00:00,successful,20
3610,728,2025-12-22T02:00:00+00:00,successful,20
3611,729,2025-09-23T04:19:28+00:00,successful,20
3612,729,2025-10-23T02:00:00+00:00,successful,20
3613,729,2025-11-23T02:00:00+00:00,successful,20
3614,729,2025-12-23T02:00:00+00:00,successful,20
3615,730,2025-09-23T06:45:46+00:00,successful,20
3616,730,2025-10-23T02:00:00+00:00,successful,20
3617,730,2025-11-23T02:00:00+00:00,successful,20
3618,730,2025-12-23T02:00:00+00:00,successful,20
3619,731,2025-09-23T07:44:10+00:00,successful,540
3620,732,2025-09-23T10:13:48+00:00,successful,20
3621,732,2025-10-23T02:00:00+00:00,successful,20
3622,732,2025-11-23T02:00:00+00:00,successful,20
3623,732,2025-12-23T02:00:00+00:00,successful,20
3624,733,2025-09-24T00:41:24+00:00,successful,20
3625,733,2025-10-23T02:00:00+00:00,successful,20
3626,733,2025-11-23T02:00:00+00:00,successful,20
3627,733,2025-12-23T02:00:00+00:00,successful,20
3628,734,2025-09-24T02:58:19+00:00,successful,216
3629,735,2025-09-25T08:58:54+00:00,successful,20
3630,735,2025-10-25T02:00:00+00:00,successful,20
3631,735,2025-11-25T02:00:00+00:00,successful,20
3632,735,2025-12-25T02:00:00+00:00,successful,20
3633,736,2025-09-25T13:04:34+00:00,successful,20
3634,736,2025-10-25T02:00:00+00:00,successful,20
3635,736,2025-11-25T02:00:00+00:00,successful,20
3636,736,2025-12-25T02:00:00+00:00,successful,20
3637,737,2025-09-25T15:43:29+00:00,successful,20
3638,737,2025-10-25T02:00:00+00:00,successful,20
3639,737,2025-11-25T02:00:00+00:00,successful,20
3640,738,2025-09-26T13:09:08+00:00,successful,20
3641,738,2025-10-26T02:00:00+00:00,successful,20
3642,738,2025-11-26T02:00:00+00:00,successful,20
3643,738,2025-12-26T02:00:00+00:00,successful,20
3644,739,2025-09-26T16:44:10+00:00,successful,216
3645,740,2025-09-26T18:30:11+00:00,successful,50
3646,740,2025-10-26T02:00:00+00:00,successful,50
3647,740,2025-11-26T02:00:00+00:00,successful,50
3648,740,2025-12-26T02:00:00+00:00,successful,50
3649,741,2025-09-26T23:18:27+00:00,successful,20
3650,741,2025-10-26T02:00:00+00:00,successful,20
3651,741,2025-11-26T02:00:00+00:00,successful,20
3652,741,2025-12-26T02:00:00+00:00,successful,20
3653,742,2025-09-27T02:00:00+00:00,failed,20
3654,742,2025-10-27T02:00:00+00:00,successful,20
3655,742,2025-11-27T02:00:00+00:00,successful,20
3656,742,2025-12-27T02:00:00+00:00,successful,20
3657,743,2025-09-27T10:19:17+00:00,successful,50
3658,744,2025-09-27T13:06:15+00:00,successful,216
3659,745,2025-09-27T14:26:59+00:00,successful,50
3660,745,2025-10-27T02:00:00+00:00,successful,50
3661,745,2025-11-27T02:00:00+00:00,successful,50
3662,745,2025-12-27T02:00:00+00:00,successful,50
3663,746,2025-09-27T15:39:09+00:00,successful,20
3664,746,2025-10-27T02:00:00+00:00,successful,20
3665,746,2025-11-27T02:00:00+00:00,successful,20
3666,746,2025-12-27T02:00:00+00:00,successful,20
3667,747,2025-09-27T22:01:30+00:00,successful,20
3668,747,2025-10-27T02:00:00+00:00,successful,20
3669,747,2025-11-27T02:00:00+00:00,successful,20
3670,747,2025-12-27T02:00:00+00:00,successful,20
3671,748,2025-09-28T18:02:54+00:00,successful,20
3672,748,2025-10-28T02:00:00+00:00,successful,20
3673,748,2025-11-28T02:00:00+00:00,successful,20
3674,748,2025-12-28T02:00:00+00:00,successful,20
3675,749,2025-09-28T19:41:48+00:00,successful,20
3676,749,2025-10-28T02:00:00+00:00,successful,20
3677,749,2025-11-28T02:00:00+00:00,successful,20
3678,749,2025-12-28T02:00:00+00:00,successful,20
3679,750,2025-09-29T12:04:09+00:00,successful,20
3680,750,2025-10-29T02:00:00+00:00,successful,20
3681,750,2025-11-29T02:00:00+00:00,successful,20
3682,750,2025-12-29T02:00:00+00:00,successful,20
3683,751,2025-09-29T21:12:20+00:00,successful,20
3684,751,2025-10-29T02:00:00+00:00,successful,20
3685,751,2025-11-29T02:00:00+00:00,successful,20
3686,751,2025-12-29T02:00:00+00:00,successful,20
3687,752,2025-09-29T21:54:32+00:00,successful,50
3688,752,2025-10-29T02:00:00+00:00,successful,50
3689,752,2025-11-29T02:00:00+00:00,successful,50
3690,752,2025-12-29T02:00:00+00:00,successful,50
3691,753,2025-09-30T15:53:30+00:00,successful,540
3692,754,2025-09-30T21:45:45+00:00,successful,20
3693,754,2025-10-30T02:00:00+00:00,successful,20
3694,754,2025-11-30T02:00:00+00:00,successful,20
3695,755,2025-10-01T16:02:43+00:00,successful,216
3696,756,2025-10-01T22:41:27+00:00,successful,20
3697,756,2025-11-01T02:00:00+00:00,successful,20
3698,756,2025-12-01T02:00:00+00:00,successful,20
3699,757,2025-10-02T21:22:02+00:00,successful,20
3700,757,2025-11-02T02:00:00+00:00,successful,20
3701,757,2025-12-02T02:00:00+00:00,successful,20
3702,758,2025-10-03T09:14:23+00:00,successful,20
3703,758,2025-11-03T02:00:00+00:00,successful,20
3704,758,2025-12-03T02:00:00+00:00,successful,20
3705,759,2025-10-03T09:35:08+00:00,successful,216
3706,760,2025-10-03T10:38:56+00:00,successful,20
3707,760,2025-11-03T02:00:00+00:00,successful,20
3708,760,2025-12-03T02:00:00+00:00,successful,20
3709,761,2025-10-03T16:07:22+00:00,successful,20
3710,761,2025-11-03T02:00:00+00:00,successful,20
3711,761,2025-12-03T02:00:00+00:00,successful,20
3712,762,2025-10-03T16:35:03+00:00,successful,20
3713,762,2025-11-03T02:00:00+00:00,successful,20
3714,762,2025-12-03T02:00:00+00:00,successful,20
3715,763,2025-10-03T16:54:07+00:00,successful,20
3716,763,2025-11-03T02:00:00+00:00,successful,20
3717,763,2025-12-03T02:00:00+00:00,failed,20
3718,764,2025-10-04T03:43:42+00:00,successful,20
3719,765,2025-10-04T16:12:38+00:00,successful,20
3720,765,2025-11-04T02:00:00+00:00,successful,20
3721,765,2025-12-04T02:00:00+00:00,successful,20
3722,766,2025-10-05T10:47:28+00:00,successful,50
3723,767,2025-10-05T20:36:31+00:00,successful,20
3724,767,2025-11-05T02:00:00+00:00,successful,20
3725,767,2025-12-05T02:00:00+00:00,successful,20
3726,768,2025-10-05T23:34:11+00:00,successful,20
3727,768,2025-11-05T02:00:00+00:00,successful,20
3728,768,2025-12-05T02:00:00+00:00,successful,20
3729,769,2025-10-06T10:22:20+00:00,successful,20
3730,769,2025-11-06T02:00:00+00:00,successful,20
3731,769,2025-12-06T02:00:00+00:00,successful,20
3732,770,2025-10-06T12:38:45+00:00,successful,20
3733,770,2025-11-06T02:00:00+00:00,successful,20
3734,770,2025-12-06T02:00:00+00:00,successful,20
3735,771,2025-10-06T16:20:22+00:00,successful,20
3736,771,2025-11-06T02:00:00+00:00,successful,20
3737,771,2025-12-06T02:00:00+00:00,successful,20
3738,772,2025-10-06T16:50:48+00:00,successful,20
3739,772,2025-11-06T02:00:00+00:00,successful,20
3740,772,2025-12-06T02:00:00+00:00,successful,20
3741,773,2025-10-06T22:57:21+00:00,successful,50
3742,773,2025-11-06T02:00:00+00:00,successful,50
3743,773,2025-12-06T02:00:00+00:00,successful,50
3744,774,2025-10-07T09:53:33+00:00,successful,20
3745,774,2025-11-07T02:00:00+00:00,successful,20
3746,774,2025-12-07T02:00:00+00:00,successful,20
3747,775,2025-10-07T17:29:35+00:00,successful,20
3748,775,2025-11-07T02:00:00+00:00,successful,20
3749,776,2025-10-08T06:33:04+00:00,failed,20
3750,776,2025-11-08T02:00:00+00:00,successful,20
3751,776,2025-12-08T02:00:00+00:00,successful,20
3752,777,2025-10-08T07:37:42+00:00,successful,20
3753,777,2025-11-08T02:00:00+00:00,successful,20
3754,777,2025-12-08T02:00:00+00:00,successful,20
3755,778,2025-10-08T11:35:50+00:00,successful,50
3756,778,2025-11-08T02:00:00+00:00,successful,50
3757,778,2025-12-08T02:00:00+00:00,successful,50
3758,779,2025-10-08T22:55:21+00:00,successful,50
3759,779,2025-11-08T02:00:00+00:00,failed,50
3760,779,2025-12-08T02:00:00+00:00,successful,50
3761,780,2025-10-09T00:55:19+00:00,successful,20
3762,780,2025-11-08T02:00:00+00:00,successful,20
3763,780,2025-12-08T02:00:00+00:00,successful,20
3764,781,2025-10-09T07:23:05+00:00,successful,216
3765,782,2025-10-09T18:23:29+00:00,successful,20
3766,782,2025-11-09T02:00:00+00:00,successful,20
3767,782,2025-12-09T02:00:00+00:00,failed,20
3768,783,2025-10-10T09:35:54+00:00,successful,20
3769,783,2025-11-10T02:00:00+00:00,successful,20
3770,783,2025-12-10T02:00:00+00:00,successful,20
3771,784,2025-10-10T20:02:21+00:00,successful,216
3772,785,2025-10-11T02:00:00+00:00,successful,20
3773,785,2025-11-11T02:00:00+00:00,successful,20
3774,785,2025-12-11T02:00:00+00:00,successful,20
3775,786,2025-10-11T08:28:23+00:00,successful,216
3776,787,2025-10-11T15:34:08+00:00,successful,20
3777,787,2025-11-11T02:00:00+00:00,successful,20
3778,787,2025-12-11T02:00:00+00:00,successful,20
3779,788,2025-10-11T23:07:48+00:00,successful,50
3780,788,2025-11-11T02:00:00+00:00,successful,50
3781,788,2025-12-11T02:00:00+00:00,successful,50
3782,789,2025-10-11T23:47:59+00:00,successful,20
3783,789,2025-11-11T02:00:00+00:00,successful,20
3784,789,2025-12-11T02:00:00+00:00,successful,20
3785,790,2025-10-12T21:19:15+00:00,successful,50
3786,790,2025-11-12T02:00:00+00:00,successful,50
3787,790,2025-12-12T02:00:00+00:00,successful,50
3788,791,2025-10-13T13:08:06+00:00,successful,20
3789,791,2025-11-13T02:00:00+00:00,successful,20
3790,791,2025-12-13T02:00:00+00:00,successful,20
3791,792,2025-10-13T17:19:26+00:00,successful,20
3792,792,2025-11-13T02:00:00+00:00,successful,20
3793,792,2025-12-13T02:00:00+00:00,successful,20
3794,793,2025-10-14T03:18:34+00:00,successful,216
3795,794,2025-10-15T11:44:00+00:00,successful,50
3796,794,2025-11-15T02:00:00+00:00,successful,50
3797,794,2025-12-15T02:00:00+00:00,successful,50
3798,795,2025-10-15T14:59:47+00:00,successful,50
3799,795,2025-11-15T02:00:00+00:00,successful,50
3800,795,2025-12-15T02:00:00+00:00,successful,50
3801,796,2025-10-16T07:06:01+00:00,successful,20
3802,796,2025-11-16T02:00:00+00:00,successful,20
3803,796,2025-12-16T02:00:00+00:00,successful,20
3804,797,2025-10-16T07:21:26+00:00,successful,20
3805,797,2025-11-16T02:00:00+00:00,successful,20
3806,797,2025-12-16T02:00:00+00:00,successful,20
3807,798,2025-10-16T13:41:36+00:00,successful,50
3808,798,2025-11-16T02:00:00+00:00,successful,50
3809,798,2025-12-16T02:00:00+00:00,successful,50
3810,799,2025-10-17T16:35:52+00:00,successful,50
3811,799,2025-11-17T02:00:00+00:00,successful,50
3812,799,2025-12-17T02:00:00+00:00,successful,50
3813,800,2025-10-18T03:36:52+00:00,successful,20
3814,800,2025-11-18T02:00:00+00:00,successful,20
3815,800,2025-12-18T02:00:00+00:00,successful,20
3816,801,2025-10-18T05:09:33+00:00,successful,216
3817,802,2025-10-18T14:48:37+00:00,successful,50
3818,802,2025-11-18T02:00:00+00:00,successful,50
3819,802,2025-12-18T02:00:00+00:00,successful,50
3820,803,2025-10-19T16:56:36+00:00,successful,216
3821,804,2025-10-19T20:24:11+00:00,successful,50
3822,804,2025-11-19T02:00:00+00:00,successful,50
3823,804,2025-12-19T02:00:00+00:00,successful,50
3824,805,2025-10-20T02:00:00+00:00,successful,20
3825,805,2025-11-20T02:00:00+00:00,successful,20
3826,805,2025-12-20T02:00:00+00:00,successful,20
3827,806,2025-10-20T03:21:29+00:00,successful,20
3828,806,2025-11-20T02:00:00+00:00,successful,20
3829,806,2025-12-20T02:00:00+00:00,successful,20
3830,807,2025-10-20T15:59:22+00:00,successful,20
3831,807,2025-11-20T02:00:00+00:00,successful,20
3832,807,2025-12-20T02:00:00+00:00,failed,20
3833,808,2025-10-21T02:00:00+00:00,successful,20
3834,808,2025-11-21T02:00:00+00:00,successful,20
3835,808,2025-12-21T02:00:00+00:00,successful,20
3836,809,2025-10-21T03:13:42+00:00,successful,20
3837,809,2025-11-21T02:00:00+00:00,successful,20
3838,809,2025-12-21T02:00:00+00:00,successful,20
3839,810,2025-10-21T11:26:40+00:00,successful,20
3840,810,2025-11-21T02:00:00+00:00,successful,20
3841,810,2025-12-21T02:00:00+00:00,successful,20
3842,811,2025-10-21T12:11:54+00:00,successful,20
3843,811,2025-11-21T02:00:00+00:00,successful,20
3844,811,2025-12-21T02:00:00+00:00,successful,20
3845,812,2025-10-21T13:23:37+00:00,successful,50
3846,813,2025-10-22T08:36:40+00:00,successful,20
3847,813,2025-11-22T02:00:00+00:00,successful,20
3848,813,2025-12-22T02:00:00+00:00,successful,20
3849,814,2025-10-22T11:59:29+00:00,successful,50
3850,814,2025-11-22T02:00:00+00:00,successful,50
3851,814,2025-12-22T02:00:00+00:00,successful,50
3852,815,2025-10-22T15:11:39+00:00,successful,20
3853,815,2025-11-22T02:00:00+00:00,successful,20
3854,815,2025-12-22T02:00:00+00:00,successful,20
3855,816,2025-10-22T16:36:49+00:00,successful,216
3856,817,2025-10-22T18:05:59+00:00,successful,20
3857,817,2025-11-22T02:00:00+00:00,successful,20
3858,817,2025-12-22T02:00:00+00:00,successful,20
3859,818,2025-10-23T17:58:08+00:00,successful,20
3860,818,2025-11-23T02:00:00+00:00,successful,20
3861,818,2025-12-23T02:00:00+00:00,successful,20
3862,819,2025-10-24T00:03:54+00:00,successful,20
3863,819,2025-11-23T02:00:00+00:00,successful,20
3864,819,2025-12-23T02:00:00+00:00,successful,20
3865,820,2025-10-24T03:46:20+00:00,successful,20
3866,820,2025-11-24T02:00:00+00:00,successful,20
3867,820,2025-12-24T02:00:00+00:00,failed,20
3868,821,2025-10-24T11:56:30+00:00,successful,20
3869,821,2025-11-24T02:00:00+00:00,successful,20
3870,821,2025-12-24T02:00:00+00:00,successful,20
3871,822,2025-10-25T06:36:48+00:00,successful,20
3872,822,2025-11-25T02:00:00+00:00,successful,20
3873,822,2025-12-25T02:00:00+00:00,successful,20
3874,823,2025-10-25T11:17:46+00:00,successful,20
3875,823,2025-11-25T02:00:00+00:00,successful,20
3876,823,2025-12-25T02:00:00+00:00,successful,20
3877,824,2025-10-25T14:41:52+00:00,successful,50
3878,824,2025-11-25T02:00:00+00:00,successful,50
3879,824,2025-12-25T02:00:00+00:00,successful,50
3880,825,2025-10-25T22:47:19+00:00,successful,20
3881,825,2025-11-25T02:00:00+00:00,successful,20
3882,825,2025-12-25T02:00:00+00:00,successful,20
3883,826,2025-10-25T23:42:06+00:00,successful,50
3884,826,2025-11-25T02:00:00+00:00,successful,50
3885,826,2025-12-25T02:00:00+00:00,successful,50
3886,827,2025-10-26T02:00:00+00:00,successful,20
3887,827,2025-11-26T02:00:00+00:00,failed,20
3888,827,2025-12-26T02:00:00+00:00,successful,20
3889,828,2025-10-26T12:24:30+00:00,successful,20
3890,828,2025-11-26T02:00:00+00:00,successful,20
3891,828,2025-12-26T02:00:00+00:00,successful,20
3892,829,2025-10-26T23:18:44+00:00,successful,20
3893,829,2025-11-26T02:00:00+00:00,successful,20
3894,829,2025-12-26T02:00:00+00:00,successful,20
3895,830,2025-10-28T14:58:14+00:00,successful,216
3896,831,2025-10-28T16:12:00+00:00,successful,216
3897,832,2025-10-28T20:31:44+00:00,successful,20
3898,832,2025-11-28T02:00:00+00:00,successful,20
3899,832,2025-12-28T02:00:00+00:00,successful,20
3900,833,2025-10-29T15:49:55+00:00,successful,20
3901,833,2025-11-29T02:00:00+00:00,successful,20
3902,833,2025-12-29T02:00:00+00:00,successful,20
3903,834,2025-10-30T05:02:09+00:00,successful,20
3904,834,2025-11-30T02:00:00+00:00,successful,20
3905,834,2025-12-30T02:00:00+00:00,successful,20
3906,835,2025-10-30T17:52:49+00:00,successful,20
3907,835,2025-11-30T02:00:00+00:00,successful,20
3908,835,2025-12-30T02:00:00+00:00,successful,20
3909,836,2025-10-31T14:14:47+00:00,successful,50
3910,836,2025-11-30T02:00:00+00:00,successful,50
3911,836,2025-12-31T02:00:00+00:00,successful,50
3912,837,2025-10-31T20:21:23+00:00,successful,20
3913,837,2025-11-30T02:00:00+00:00,successful,20
3914,837,2025-12-31T02:00:00+00:00,successful,20
3915,838,2025-11-01T02:00:00+00:00,successful,20
3916,838,2025-12-01T02:00:00+00:00,successful,20
3917,839,2025-11-01T04:25:26+00:00,successful,20
3918,839,2025-12-01T02:00:00+00:00,successful,20
3919,840,2025-11-01T06:29:37+00:00,successful,20
3920,840,2025-12-01T02:00:00+00:00,successful,20
3921,841,2025-11-02T15:24:45+00:00,successful,20
3922,841,2025-12-02T02:00:00+00:00,successful,20
3923,842,2025-11-02T23:33:27+00:00,successful,20
3924,842,2025-12-02T02:00:00+00:00,successful,20
3925,843,2025-11-03T03:21:39+00:00,successful,216
3926,844,2025-11-03T16:56:12+00:00,successful,20
3927,844,2025-12-03T02:00:00+00:00,successful,20
3928,845,2025-11-04T03:07:45+00:00,successful,20
3929,845,2025-12-04T02:00:00+00:00,failed,20
3930,846,2025-11-04T23:55:17+00:00,successful,20
3931,846,2025-12-04T02:00:00+00:00,failed,20
3932,847,2025-11-05T02:00:00+00:00,failed,20
3933,847,2025-12-05T02:00:00+00:00,successful,20
3934,848,2025-11-05T05:26:38+00:00,successful,20
3935,848,2025-12-05T02:00:00+00:00,successful,20
3936,849,2025-11-06T13:06:06+00:00,successful,20
3937,849,2025-12-06T02:00:00+00:00,successful,20
3938,850,2025-11-06T19:54:16+00:00,successful,20
3939,850,2025-12-06T02:00:00+00:00,successful,20
3940,851,2025-11-07T22:56:20+00:00,successful,20
3941,851,2025-12-07T02:00:00+00:00,successful,20
3942,852,2025-11-08T02:00:00+00:00,successful,50
3943,852,2025-12-08T02:00:00+00:00,successful,50
3944,853,2025-11-08T05:55:57+00:00,successful,50
3945,853,2025-12-08T02:00:00+00:00,successful,50
3946,854,2025-11-09T14:25:24+00:00,successful,20
3947,854,2025-12-09T02:00:00+00:00,successful,20
3948,855,2025-11-09T18:16:08+00:00,successful,20
3949,855,2025-12-09T02:00:00+00:00,successful,20
3950,856,2025-11-10T21:11:07+00:00,successful,20
3951,856,2025-12-10T02:00:00+00:00,successful,20
3952,857,2025-11-11T02:00:00+00:00,successful,50
3953,857,2025-12-11T02:00:00+00:00,successful,50
3954,858,2025-11-11T02:35:36+00:00,successful,540
3955,859,2025-11-11T10:28:51+00:00,successful,20
3956,859,2025-12-11T02:00:00+00:00,successful,20
3957,860,2025-11-11T22:10:34+00:00,successful,20
3958,860,2025-12-11T02:00:00+00:00,successful,20
3959,861,2025-11-12T02:00:00+00:00,successful,540
3960,862,2025-11-12T05:42:41+00:00,successful,20
3961,862,2025-12-12T02:00:00+00:00,successful,20
3962,863,2025-11-12T12:10:53+00:00,successful,50
3963,863,2025-12-12T02:00:00+00:00,successful,50
3964,864,2025-11-12T17:19:54+00:00,successful,20
3965,864,2025-12-12T02:00:00+00:00,successful,20
3966,865,2025-11-12T17:51:32+00:00,successful,20
3967,865,2025-12-12T02:00:00+00:00,successful,20
3968,866,2025-11-13T06:44:58+00:00,successful,50
3969,866,2025-12-13T02:00:00+00:00,successful,50
3970,867,2025-11-13T07:12:33+00:00,successful,50
3971,867,2025-12-13T02:00:00+00:00,successful,50
3972,868,2025-11-13T07:05:02+00:00,successful,540
3973,869,2025-11-13T08:32:50+00:00,successful,20
3974,869,2025-12-13T02:00:00+00:00,successful,20
3975,870,2025-11-13T14:20:28+00:00,successful,20
3976,870,2025-12-13T02:00:00+00:00,successful,20
3977,871,2025-11-13T14:22:53+00:00,successful,216
3978,872,2025-11-13T16:50:06+00:00,successful,216
3979,873,2025-11-13T18:24:02+00:00,successful,20
3980,873,2025-12-13T02:00:00+00:00,successful,20
3981,874,2025-11-13T22:08:05+00:00,successful,50
3982,874,2025-12-13T02:00:00+00:00,successful,50
3983,875,2025-11-14T08:36:09+00:00,successful,50
3984,875,2025-12-14T02:00:00+00:00,successful,50
3985,876,2025-11-14T11:00:10+00:00,successful,20
3986,876,2025-12-14T02:00:00+00:00,successful,20
3987,877,2025-11-14T15:24:07+00:00,successful,20
3988,877,2025-12-14T02:00:00+00:00,successful,20
3989,878,2025-11-15T02:00:00+00:00,successful,20
3990,878,2025-12-15T02:00:00+00:00,successful,20
3991,879,2025-11-16T04:45:29+00:00,successful,540
3992,880,2025-11-16T13:04:21+00:00,successful,20
3993,880,2025-12-16T02:00:00+00:00,successful,20
3994,881,2025-11-16T15:54:10+00:00,successful,20
3995,881,2025-12-16T02:00:00+00:00,successful,20
3996,882,2025-11-16T16:34:51+00:00,successful,20
3997,882,2025-12-16T02:00:00+00:00,successful,20
3998,883,2025-11-16T20:27:05+00:00,successful,20
3999,883,2025-12-16T02:00:00+00:00,successful,20
4000,884,2025-11-17T04:13:34+00:00,successful,20
4001,884,2025-12-17T02:00:00+00:00,successful,20
4002,885,2025-11-17T04:18:50+00:00,successful,20
4003,885,2025-12-17T02:00:00+00:00,successful,20
4004,886,2025-11-17T04:00:43+00:00,successful,216
4005,887,2025-11-17T13:08:49+00:00,successful,20
4006,887,2025-12-17T02:00:00+00:00,successful,20
4007,888,2025-11-18T17:41:56+00:00,successful,20
4008,888,2025-12-18T02:00:00+00:00,successful,20
4009,889,2025-11-18T17:48:16+00:00,successful,20
4010,889,2025-12-18T02:00:00+00:00,successful,20
4011,890,2025-11-18T18:25:05+00:00,successful,20
4012,890,2025-12-18T02:00:00+00:00,successful,20
4013,891,2025-11-18T18:30:41+00:00,successful,20
4014,891,2025-12-18T02:00:00+00:00,successful,20
4015,892,2025-11-19T02:00:00+00:00,successful,216
4016,893,2025-11-19T16:51:36+00:00,successful,50
4017,893,2025-12-19T02:00:00+00:00,successful,50
4018,894,2025-11-20T02:00:00+00:00,failed,20
4019,894,2025-12-20T02:00:00+00:00,successful,20
4020,895,2025-11-20T02:00:00+00:00,successful,216
4021,896,2025-11-20T21:43:14+00:00,successful,50
4022,896,2025-12-20T02:00:00+00:00,successful,50
4023,897,2025-11-20T23:43:45+00:00,successful,20
4024,897,2025-12-20T02:00:00+00:00,successful,20
4025,898,2025-11-21T07:55:43+00:00,successful,50
4026,898,2025-12-21T02:00:00+00:00,successful,50
4027,899,2025-11-21T16:58:42+00:00,successful,50
4028,899,2025-12-21T02:00:00+00:00,successful,50
4029,900,2025-11-22T07:33:58+00:00,successful,50
4030,900,2025-12-22T02:00:00+00:00,successful,50
4031,901,2025-11-22T12:00:58+00:00,successful,540
4032,902,2025-11-22T18:52:24+00:00,successful,20
4033,902,2025-12-22T02:00:00+00:00,successful,20
4034,903,2025-11-23T02:00:00+00:00,successful,216
4035,904,2025-11-23T19:41:50+00:00,successful,216
4036,905,2025-11-23T22:23:45+00:00,successful,20
4037,905,2025-12-23T02:00:00+00:00,successful,20
4038,906,2025-11-24T03:23:52+00:00,successful,20
4039,906,2025-12-24T02:00:00+00:00,successful,20
4040,907,2025-11-24T21:56:36+00:00,successful,20
4041,907,2025-12-24T02:00:00+00:00,successful,20
4042,908,2025-11-25T10:45:54+00:00,successful,20
4043,908,2025-12-25T02:00:00+00:00,failed,20
4044,909,2025-11-25T15:11:10+00:00,successful,20
4045,910,2025-11-25T21:00:07+00:00,successful,20
4046,910,2025-12-25T02:00:00+00:00,successful,20
4047,911,2025-11-26T03:29:16+00:00,successful,216
4048,912,2025-11-26T17:10:26+00:00,successful,50
4049,912,2025-12-26T02:00:00+00:00,successful,50
4050,913,2025-11-26T23:20:33+00:00,successful,20
4051,913,2025-12-26T02:00:00+00:00,successful,20
4052,914,2025-11-27T12:35:41+00:00,successful,50
4053,914,2025-12-27T02:00:00+00:00,successful,50
4054,915,2025-11-28T10:23:51+00:00,successful,20
4055,915,2025-12-28T02:00:00+00:00,successful,20
4056,916,2025-11-29T03:21:38+00:00,successful,20
4057,916,2025-12-29T02:00:00+00:00,successful,20
4058,917,2025-11-29T11:24:58+00:00,successful,20
4059,917,2025-12-29T02:00:00+00:00,successful,20
4060,918,2025-11-29T22:39:08+00:00,successful,216
4061,919,2025-11-30T03:03:06+00:00,successful,50
4062,919,2025-12-30T02:00:00+00:00,successful,50
4063,920,2025-11-30T15:09:20+00:00,successful,20
4064,920,2025-12-30T02:00:00+00:00,successful,20
4065,921,2025-12-01T10:14:13+00:00,successful,20
4066,922,2025-12-01T19:38:25+00:00,successful,20
4067,923,2025-12-01T21:31:18+00:00,successful,20
4068,924,2025-12-02T11:22:35+00:00,successful,50
4069,925,2025-12-02T23:33:57+00:00,successful,50
4070,926,2025-12-03T15:19:23+00:00,successful,20
4071,927,2025-12-03T16:20:15+00:00,successful,50
4072,928,2025-12-03T23:51:06+00:00,successful,540
4073,929,2025-12-04T02:00:00+00:00,successful,50
4074,930,2025-12-04T02:00:00+00:00,successful,20
4075,931,2025-12-05T10:43:56+00:00,successful,20
4076,932,2025-12-05T14:53:57+00:00,successful,50
4077,933,2025-12-05T16:35:12+00:00,failed,50
4078,934,2025-12-05T23:51:18+00:00,successful,20
4079,935,2025-12-06T02:24:45+00:00,successful,216
4080,936,2025-12-06T03:31:58+00:00,successful,216
4081,937,2025-12-06T08:53:26+00:00,successful,20
4082,938,2025-12-06T11:53:56+00:00,successful,20
4083,939,2025-12-06T15:32:13+00:00,successful,216
4084,940,2025-12-06T16:02:39+00:00,successful,540
4085,941,2025-12-07T00:52:08+00:00,successful,20
4086,942,2025-12-07T05:56:37+00:00,successful,20
4087,943,2025-12-07T15:19:43+00:00,successful,50
4088,944,2025-12-07T17:43:31+00:00,successful,20
4089,945,2025-12-09T06:19:12+00:00,failed,216
4090,946,2025-12-09T12:01:21+00:00,successful,20
4091,947,2025-12-10T06:22:39+00:00,successful,20
4092,948,2025-12-10T10:29:46+00:00,successful,20
4093,949,2025-12-11T14:47:07+00:00,successful,216
4094,950,2025-12-11T15:01:15+00:00,successful,216
4095,951,2025-12-11T18:41:04+00:00,successful,50
4096,952,2025-12-12T10:51:29+00:00,successful,216
4097,953,2025-12-12T13:23:11+00:00,successful,20
4098,954,2025-12-12T21:09:44+00:00,successful,20
4099,955,2025-12-13T02:00:00+00:00,successful,20
4100,956,2025-12-13T19:58:13+00:00,successful,20
4101,957,2025-12-13T20:18:29+00:00,successful,20
4102,958,2025-12-16T06:12:57+00:00,successful,20
4103,959,2025-12-16T11:44:20+00:00,successful,216
4104,960,2025-12-17T09:51:03+00:00,successful,50
4105,961,2025-12-18T16:12:16+00:00,successful,216
4106,962,2025-12-18T21:56:12+00:00,successful,216
4107,963,2025-12-19T00:18:01+00:00,failed,50
4108,964,2025-12-19T08:10:04+00:00,successful,50
4109,965,2025-12-19T12:54:37+00:00,successful,540
4110,966,2025-12-20T18:33:12+00:00,successful,216
4111,967,2025-12-21T03:33:47+00:00,successful,216
4112,968,2025-12-21T07:44:18+00:00,successful,50
4113,969,2025-12-21T09:50:17+00:00,successful,216
4114,970,2025-12-22T10:38:05+00:00,successful,20
4115,971,2025-12-22T12:58:43+00:00,successful,20
4116,972,2025-12-22T14:27:23+00:00,failed,20
4117,973,2025-12-22T16:36:56+00:00,successful,50
4118,974,2025-12-22T17:02:16+00:00,successful,50
4119,975,2025-12-22T16:23:12+00:00,successful,216
4120,976,2025-12-22T22:41:24+00:00,successful,20
4121,977,2025-12-23T00:02:53+00:00,successful,216
4122,978,2025-12-23T08:17:25+00:00,successful,20
4123,979,2025-12-24T07:35:22+00:00,successful,540
4124,980,2025-12-24T09:51:15+00:00,successful,20
4125,981,2025-12-24T13:50:51+00:00,successful,20
4126,982,2025-12-24T23:36:53+00:00,successful,20
4127,983,2025-12-25T00:26:06+00:00,successful,20
4128,984,2025-12-25T06:58:21+00:00,successful,20
4129,985,2025-12-25T15:36:08+00:00,successful,20
4130,986,2025-12-25T21:36:22+00:00,successful,20
4131,987,2025-12-26T06:07:08+00:00,successful,20
4132,988,2025-12-27T03:50:38+00:00,successful,20
4133,989,2025-12-27T03:43:41+00:00,successful,216
4134,990,2025-12-27T23:44:36+00:00,successful,20
4135,991,2025-12-28T04:52:33+00:00,successful,20
4136,992,2025-12-28T21:38:49+00:00,successful,540
4137,993,2025-12-28T22:16:49+00:00,successful,216
4138,994,2025-12-29T14:16:24+00:00,successful,20
4139,995,2025-12-29T21:24:14+00:00,successful,20
4140,996,2025-12-30T05:49:37+00:00,failed,216
4141,997,2025-12-30T17:43:26+00:00,successful,20
4142,998,2025-12-31T02:00:00+00:00,successful,50
4143,999,2025-12-31T05:11:55+00:00,successful,20
4144,1000,2025-12-31T17:39:00+00:00,successful,540
